 TWA\TWS	        0	        1	        2	        3	        4	        5	        6	        7	        8	        9	       10	       11	       12	       13	       14	       15	       16	       17	       18	       19	       20	       21	       22	       23	       24	       25	       26	       27	       28	       29	       30	       31	       32	       33	       34	       35	       36	       37	       38	       39	
0       	 0.000000	 0.000000	 0.000000	 0.000000	 0.000000	 0.000000	 0.000000	 0.000000	 0.000000	 0.000000	 0.000000	 0.000000	 0.000000	 0.000000	 0.000000	 0.000000	 0.000000	 0.000000	 0.000000	 0.000000	 0.000000	 0.000000	 0.000000	 0.000000	 0.000000	 0.000000	 0.000000	 0.000000	 0.000000	 0.000000	 0.000000	 0.000000	 0.000000	 0.000000	 0.000000	 0.000000	 0.000000	 0.000000	 0.000000	 0.000000	
1       	 0.000000	 0.069715	 0.127274	 0.163865	 0.184062	 0.193813	 0.191178	 0.175655	 0.160397	 0.159565	 0.177704	 0.213077	 0.248408	 0.266953	 0.269600	 0.261648	 0.248398	 0.248398	 0.248398	 0.248398	 0.248398	 0.248398	 0.248398	 0.248398	 0.248398	 0.248398	 0.248398	 0.248398	 0.248398	 0.248398	 0.248398	 0.248398	 0.248398	 0.248398	 0.248398	 0.248398	 0.248398	 0.248398	 0.248398	 0.248398	
2       	 0.000000	 0.139391	 0.254485	 0.327670	 0.368079	 0.387597	 0.382361	 0.351388	 0.320943	 0.319309	 0.355570	 0.426255	 0.496854	 0.533909	 0.539198	 0.523310	 0.496833	 0.496833	 0.496833	 0.496833	 0.496833	 0.496833	 0.496833	 0.496833	 0.496833	 0.496833	 0.496833	 0.496833	 0.496833	 0.496833	 0.496833	 0.496833	 0.496833	 0.496833	 0.496833	 0.496833	 0.496833	 0.496833	 0.496833	 0.496833	
3       	 0.000000	 0.208989	 0.381571	 0.491355	 0.552006	 0.581320	 0.573556	 0.527274	 0.481786	 0.479412	 0.533760	 0.639638	 0.745375	 0.800871	 0.808792	 0.784997	 0.745344	 0.745344	 0.745344	 0.745344	 0.745344	 0.745344	 0.745344	 0.745344	 0.745344	 0.745344	 0.745344	 0.745344	 0.745344	 0.745344	 0.745344	 0.745344	 0.745344	 0.745344	 0.745344	 0.745344	 0.745344	 0.745344	 0.745344	 0.745344	
4       	 0.000000	 0.278469	 0.508469	 0.654859	 0.735796	 0.774954	 0.764768	 0.703392	 0.643074	 0.640053	 0.712434	 0.853326	 0.994008	 1.067842	 1.078381	 1.046723	 0.993966	 0.993966	 0.993966	 0.993966	 0.993966	 0.993966	 0.993966	 0.993966	 0.993966	 0.993966	 0.993966	 0.993966	 0.993966	 0.993966	 0.993966	 0.993966	 0.993966	 0.993966	 0.993966	 0.993966	 0.993966	 0.993966	 0.993966	 0.993966	
5       	 0.000000	 0.347791	 0.635117	 0.818124	 0.919405	 0.968467	 0.956004	 0.879819	 0.804955	 0.801411	 0.891754	 1.067423	 1.242790	 1.334826	 1.347962	 1.308500	 1.242739	 1.242739	 1.242739	 1.242739	 1.242739	 1.242739	 1.242739	 1.242739	 1.242739	 1.242739	 1.242739	 1.242739	 1.242739	 1.242739	 1.242739	 1.242739	 1.242739	 1.242739	 1.242739	 1.242739	 1.242739	 1.242739	 1.242739	 1.242739	
6       	 0.000000	 0.416918	 0.761452	 0.981088	 1.102788	 1.161831	 1.147269	 1.056631	 0.967578	 0.963667	 1.071882	 1.282029	 1.491760	 1.601825	 1.617535	 1.570343	 1.491699	 1.491699	 1.491699	 1.491699	 1.491699	 1.491699	 1.491699	 1.491699	 1.491699	 1.491699	 1.491699	 1.491699	 1.491699	 1.491699	 1.491699	 1.491699	 1.491699	 1.491699	 1.491699	 1.491699	 1.491699	 1.491699	 1.491699	 1.491699	
7       	 0.000000	 0.485809	 0.887411	 1.143691	 1.285900	 1.355016	 1.338569	 1.233905	 1.131092	 1.126998	 1.252979	 1.497248	 1.740954	 1.868843	 1.887097	 1.832262	 1.740883	 1.740883	 1.740883	 1.740883	 1.740883	 1.740883	 1.740883	 1.740883	 1.740883	 1.740883	 1.740883	 1.740883	 1.740883	 1.740883	 1.740883	 1.740883	 1.740883	 1.740883	 1.740883	 1.740883	 1.740883	 1.740883	 1.740883	 1.740883	
8       	 0.000000	 0.554425	 1.012932	 1.305874	 1.468694	 1.547990	 1.529909	 1.411720	 1.295644	 1.291585	 1.435208	 1.713181	 1.990411	 2.135882	 2.156646	 2.094273	 1.990330	 1.990330	 1.990330	 1.990330	 1.990330	 1.990330	 1.990330	 1.990330	 1.990330	 1.990330	 1.990330	 1.990330	 1.990330	 1.990330	 1.990330	 1.990330	 1.990330	 1.990330	 1.990330	 1.990330	 1.990330	 1.990330	 1.990330	 1.990330	
9       	 0.000000	 0.622728	 1.137952	 1.467577	 1.651126	 1.740725	 1.721296	 1.590151	 1.461384	 1.457606	 1.618729	 1.929930	 2.240167	 2.402947	 2.426181	 2.356386	 2.240076	 2.240076	 2.240076	 2.240076	 2.240076	 2.240076	 2.240076	 2.240076	 2.240076	 2.240076	 2.240076	 2.240076	 2.240076	 2.240076	 2.240076	 2.240076	 2.240076	 2.240076	 2.240076	 2.240076	 2.240076	 2.240076	 2.240076	 2.240076	
10      	 0.000000	 0.690677	 1.262409	 1.628739	 1.833150	 1.933191	 1.912735	 1.769277	 1.628459	 1.625242	 1.803704	 2.147596	 2.490260	 2.670039	 2.695700	 2.618616	 2.490160	 2.490160	 2.490160	 2.490160	 2.490160	 2.490160	 2.490160	 2.490160	 2.490160	 2.490160	 2.490160	 2.490160	 2.490160	 2.490160	 2.490160	 2.490160	 2.490160	 2.490160	 2.490160	 2.490160	 2.490160	 2.490160	 2.490160	 2.490160	
11      	 0.000000	 0.758233	 1.386240	 1.789301	 2.014721	 2.125357	 2.104233	 1.949173	 1.797017	 1.794672	 1.990295	 2.366283	 2.740727	 2.937162	 2.965201	 2.880976	 2.740618	 2.740618	 2.740618	 2.740618	 2.740618	 2.740618	 2.740618	 2.740618	 2.740618	 2.740618	 2.740618	 2.740618	 2.740618	 2.740618	 2.740618	 2.740618	 2.740618	 2.740618	 2.740618	 2.740618	 2.740618	 2.740618	 2.740618	 2.740618	
12      	 0.000000	 0.825358	 1.509382	 1.949202	 2.195795	 2.317193	 2.295794	 2.129918	 1.967208	 1.966074	 2.178664	 2.586092	 2.991606	 3.204320	 3.234682	 3.143477	 2.991489	 2.991489	 2.991489	 2.991489	 2.991489	 2.991489	 2.991489	 2.991489	 2.991489	 2.991489	 2.991489	 2.991489	 2.991489	 2.991489	 2.991489	 2.991489	 2.991489	 2.991489	 2.991489	 2.991489	 2.991489	 2.991489	 2.991489	 2.991489	
13      	 0.000000	 0.892011	 1.631773	 2.108382	 2.376324	 2.508670	 2.487426	 2.311588	 2.139180	 2.139629	 2.368971	 2.807125	 3.242934	 3.471514	 3.504141	 3.406134	 3.242808	 3.242808	 3.242808	 3.242808	 3.242808	 3.242808	 3.242808	 3.242808	 3.242808	 3.242808	 3.242808	 3.242808	 3.242808	 3.242808	 3.242808	 3.242808	 3.242808	 3.242808	 3.242808	 3.242808	 3.242808	 3.242808	 3.242808	 3.242808	
14      	 0.000000	 0.958155	 1.753350	 2.266781	 2.556266	 2.699758	 2.679132	 2.494261	 2.313080	 2.315515	 2.561378	 3.029484	 3.494749	 3.738749	 3.773577	 3.668958	 3.494615	 3.494615	 3.494615	 3.494615	 3.494615	 3.494615	 3.494615	 3.494615	 3.494615	 3.494615	 3.494615	 3.494615	 3.494615	 3.494615	 3.494615	 3.494615	 3.494615	 3.494615	 3.494615	 3.494615	 3.494615	 3.494615	 3.494615	 3.494615	
15      	 0.000000	 1.023749	 1.874050	 2.424339	 2.735573	 2.890426	 2.870921	 2.678013	 2.489058	 2.493912	 2.756048	 3.253271	 3.747088	 4.006027	 4.042988	 3.931964	 3.746946	 3.746946	 3.746946	 3.746946	 3.746946	 3.746946	 3.746946	 3.746946	 3.746946	 3.746946	 3.746946	 3.746946	 3.746946	 3.746946	 3.746946	 3.746946	 3.746946	 3.746946	 3.746946	 3.746946	 3.746946	 3.746946	 3.746946	 3.746946	
16      	 0.000000	 1.088754	 1.993812	 2.580997	 2.914200	 3.080645	 3.062796	 2.862923	 2.667262	 2.674999	 2.953141	 3.478588	 3.999989	 4.273352	 4.312372	 4.195163	 3.999839	 3.999839	 3.999839	 3.999839	 3.999839	 3.999839	 3.999839	 3.999839	 3.999839	 3.999839	 3.999839	 3.999839	 3.999839	 3.999839	 3.999839	 3.999839	 3.999839	 3.999839	 3.999839	 3.999839	 3.999839	 3.999839	 3.999839	 3.999839	
17      	 0.000000	 1.153131	 2.112572	 2.736693	 3.092103	 3.270385	 3.254765	 3.049066	 2.847840	 2.858956	 3.152820	 3.705537	 4.253488	 4.540727	 4.581728	 4.458569	 4.253332	 4.253332	 4.253332	 4.253332	 4.253332	 4.253332	 4.253332	 4.253332	 4.253332	 4.253332	 4.253332	 4.253332	 4.253332	 4.253332	 4.253332	 4.253332	 4.253332	 4.253332	 4.253332	 4.253332	 4.253332	 4.253332	 4.253332	 4.253332	
18      	 0.000000	 1.216841	 2.230268	 2.891368	 3.269237	 3.459615	 3.446832	 3.236520	 3.030940	 3.045963	 3.355245	 3.934220	 4.507624	 4.808154	 4.851052	 4.722195	 4.507461	 4.507461	 4.507461	 4.507461	 4.507461	 4.507461	 4.507461	 4.507461	 4.507461	 4.507461	 4.507461	 4.507461	 4.507461	 4.507461	 4.507461	 4.507461	 4.507461	 4.507461	 4.507461	 4.507461	 4.507461	 4.507461	 4.507461	 4.507461	
19      	 0.000000	 1.279844	 2.346837	 3.044962	 3.445555	 3.648307	 3.639004	 3.425362	 3.216712	 3.236197	 3.560579	 4.164740	 4.762434	 5.075637	 5.120344	 4.986054	 4.762265	 4.762265	 4.762265	 4.762265	 4.762265	 4.762265	 4.762265	 4.762265	 4.762265	 4.762265	 4.762265	 4.762265	 4.762265	 4.762265	 4.762265	 4.762265	 4.762265	 4.762265	 4.762265	 4.762265	 4.762265	 4.762265	 4.762265	 4.762265	
20      	 0.000000	 1.342102	 2.462216	 3.197415	 3.621012	 3.836429	 3.831287	 3.615669	 3.405302	 3.429839	 3.768982	 4.397197	 5.017955	 5.343179	 5.389602	 5.250158	 5.017780	 5.017780	 5.017780	 5.017780	 5.017780	 5.017780	 5.017780	 5.017780	 5.017780	 5.017780	 5.017780	 5.017780	 5.017780	 5.017780	 5.017780	 5.017780	 5.017780	 5.017780	 5.017780	 5.017780	 5.017780	 5.017780	 5.017780	 5.017780	
21      	 0.000000	 1.403574	 2.576343	 3.348667	 3.795564	 4.023952	 4.023686	 3.807518	 3.596861	 3.627069	 3.980617	 4.631695	 5.274224	 5.610783	 5.658825	 5.514521	 5.274045	 5.274045	 5.274045	 5.274045	 5.274045	 5.274045	 5.274045	 5.274045	 5.274045	 5.274045	 5.274045	 5.274045	 5.274045	 5.274045	 5.274045	 5.274045	 5.274045	 5.274045	 5.274045	 5.274045	 5.274045	 5.274045	 5.274045	 5.274045	
22      	 0.000000	 1.464222	 2.689156	 3.498658	 3.969165	 4.210847	 4.216207	 4.000987	 3.791535	 3.828065	 4.195645	 4.868334	 5.531280	 5.878452	 5.928009	 5.779155	 5.531096	 5.531096	 5.531096	 5.531096	 5.531096	 5.531096	 5.531096	 5.531096	 5.531096	 5.531096	 5.531096	 5.531096	 5.531096	 5.531096	 5.531096	 5.531096	 5.531096	 5.531096	 5.531096	 5.531096	 5.531096	 5.531096	 5.531096	 5.531096	
23      	 0.000000	 1.524007	 2.800592	 3.647327	 4.141770	 4.397082	 4.408856	 4.196153	 3.989474	 4.033006	 4.414228	 5.107218	 5.789160	 6.146190	 6.197154	 6.044073	 5.788971	 5.788971	 5.788971	 5.788971	 5.788971	 5.788971	 5.788971	 5.788971	 5.788971	 5.788971	 5.788971	 5.788971	 5.788971	 5.788971	 5.788971	 5.788971	 5.788971	 5.788971	 5.788971	 5.788971	 5.788971	 5.788971	 5.788971	 5.788971	
24      	 0.000000	 1.582889	 2.910587	 3.794614	 4.313332	 4.582628	 4.601639	 4.393092	 4.190826	 4.242073	 4.636527	 5.348448	 6.047900	 6.413999	 6.466257	 6.309289	 6.047708	 6.047708	 6.047708	 6.047708	 6.047708	 6.047708	 6.047708	 6.047708	 6.047708	 6.047708	 6.047708	 6.047708	 6.047708	 6.047708	 6.047708	 6.047708	 6.047708	 6.047708	 6.047708	 6.047708	 6.047708	 6.047708	 6.047708	 6.047708	
25      	 0.000000	 1.640829	 3.019080	 3.940460	 4.483808	 4.767456	 4.794561	 4.591882	 4.395739	 4.455444	 4.862703	 5.592126	 6.307539	 6.681882	 6.735318	 6.574815	 6.307344	 6.307344	 6.307344	 6.307344	 6.307344	 6.307344	 6.307344	 6.307344	 6.307344	 6.307344	 6.307344	 6.307344	 6.307344	 6.307344	 6.307344	 6.307344	 6.307344	 6.307344	 6.307344	 6.307344	 6.307344	 6.307344	 6.307344	 6.307344	
26      	 0.000000	 1.697788	 3.126008	 4.084805	 4.653152	 4.951535	 4.987629	 4.792600	 4.604362	 4.673300	 5.092919	 5.838354	 6.568113	 6.949842	 7.004333	 6.840664	 6.567916	 6.567916	 6.567916	 6.567916	 6.567916	 6.567916	 6.567916	 6.567916	 6.567916	 6.567916	 6.567916	 6.567916	 6.567916	 6.567916	 6.567916	 6.567916	 6.567916	 6.567916	 6.567916	 6.567916	 6.567916	 6.567916	 6.567916	 6.567916	
27      	 0.000000	 1.753726	 3.231309	 4.227587	 4.821319	 5.134835	 5.180848	 4.995323	 4.816843	 4.895818	 5.327336	 6.087234	 6.829661	 7.217884	 7.273302	 7.106849	 6.829463	 6.829463	 6.829463	 6.829463	 6.829463	 6.829463	 6.829463	 6.829463	 6.829463	 6.829463	 6.829463	 6.829463	 6.829463	 6.829463	 6.829463	 6.829463	 6.829463	 6.829463	 6.829463	 6.829463	 6.829463	 6.829463	 6.829463	 6.829463	
28      	 0.000000	 1.808604	 3.334919	 4.368749	 4.988262	 5.317326	 5.374224	 5.200128	 5.033330	 5.123179	 5.566116	 6.338868	 7.092220	 7.486009	 7.542222	 7.373384	 7.092020	 7.092020	 7.092020	 7.092020	 7.092020	 7.092020	 7.092020	 7.092020	 7.092020	 7.092020	 7.092020	 7.092020	 7.092020	 7.092020	 7.092020	 7.092020	 7.092020	 7.092020	 7.092020	 7.092020	 7.092020	 7.092020	 7.092020	 7.092020	
29      	 0.000000	 1.862383	 3.436776	 4.508228	 5.153938	 5.498978	 5.567763	 5.407092	 5.253972	 5.355562	 5.809419	 6.593358	 7.355827	 7.754221	 7.811091	 7.640280	 7.355627	 7.355627	 7.355627	 7.355627	 7.355627	 7.355627	 7.355627	 7.355627	 7.355627	 7.355627	 7.355627	 7.355627	 7.355627	 7.355627	 7.355627	 7.355627	 7.355627	 7.355627	 7.355627	 7.355627	 7.355627	 7.355627	 7.355627	 7.355627	
30      	 0.000000	 1.915024	 3.536818	 4.645966	 5.318300	 5.679762	 5.761471	 5.616292	 5.478917	 5.593146	 6.057408	 6.850807	 7.620520	 8.022523	 8.079909	 7.907551	 7.620320	 7.620320	 7.620320	 7.620320	 7.620320	 7.620320	 7.620320	 7.620320	 7.620320	 7.620320	 7.620320	 7.620320	 7.620320	 7.620320	 7.620320	 7.620320	 7.620320	 7.620320	 7.620320	 7.620320	 7.620320	 7.620320	 7.620320	 7.620320	
31      	 0.000000	 1.966487	 3.634982	 4.781901	 5.481303	 5.859648	 5.955353	 5.827807	 5.708314	 5.836111	 6.310245	 7.111315	 7.886335	 8.290918	 8.348673	 8.175209	 7.886137	 7.886137	 7.886137	 7.886137	 7.886137	 7.886137	 7.886137	 7.886137	 7.886137	 7.886137	 7.886137	 7.886137	 7.886137	 7.886137	 7.886137	 7.886137	 7.886137	 7.886137	 7.886137	 7.886137	 7.886137	 7.886137	 7.886137	 7.886137	
32      	 0.000000	 2.016734	 3.731205	 4.915975	 5.642903	 6.038605	 6.149415	 6.041711	 5.942310	 6.084636	 6.568090	 7.374986	 8.153311	 8.559409	 8.617381	 8.443269	 8.153115	 8.153115	 8.153115	 8.153115	 8.153115	 8.153115	 8.153115	 8.153115	 8.153115	 8.153115	 8.153115	 8.153115	 8.153115	 8.153115	 8.153115	 8.153115	 8.153115	 8.153115	 8.153115	 8.153115	 8.153115	 8.153115	 8.153115	 8.153115	
33      	 0.000000	 2.065725	 3.825425	 5.048127	 5.803054	 6.216603	 6.343664	 6.258084	 6.181055	 6.338900	 6.831105	 7.641921	 8.421485	 8.827999	 8.886031	 8.711742	 8.421292	 8.421292	 8.421292	 8.421292	 8.421292	 8.421292	 8.421292	 8.421292	 8.421292	 8.421292	 8.421292	 8.421292	 8.421292	 8.421292	 8.421292	 8.421292	 8.421292	 8.421292	 8.421292	 8.421292	 8.421292	 8.421292	 8.421292	 8.421292	
34      	 0.000000	 2.113420	 3.917579	 5.178296	 5.961709	 6.393613	 6.538104	 6.477001	 6.424697	 6.599083	 7.099453	 7.912222	 8.690895	 9.096692	 9.154622	 8.980641	 8.690705	 8.690705	 8.690705	 8.690705	 8.690705	 8.690705	 8.690705	 8.690705	 8.690705	 8.690705	 8.690705	 8.690705	 8.690705	 8.690705	 8.690705	 8.690705	 8.690705	 8.690705	 8.690705	 8.690705	 8.690705	 8.690705	 8.690705	 8.690705	
35      	 0.000000	 2.159781	 4.007604	 5.306424	 6.118826	 6.569605	 6.732742	 6.698540	 6.673384	 6.865364	 7.373294	 8.185991	 8.961577	 9.365490	 9.423152	 9.249980	 8.961391	 8.961391	 8.961391	 8.961391	 8.961391	 8.961391	 8.961391	 8.961391	 8.961391	 8.961391	 8.961391	 8.961391	 8.961391	 8.961391	 8.961391	 8.961391	 8.961391	 8.961391	 8.961391	 8.961391	 8.961391	 8.961391	 8.961391	 8.961391	
36      	 0.000000	 2.204768	 4.095439	 5.432449	 6.274357	 6.744548	 6.927584	 6.922778	 6.927264	 7.137923	 7.652790	 8.463331	 9.233569	 9.634397	 9.691619	 9.519771	 9.233389	 9.233389	 9.233389	 9.233389	 9.233389	 9.233389	 9.233389	 9.233389	 9.233389	 9.233389	 9.233389	 9.233389	 9.233389	 9.233389	 9.233389	 9.233389	 9.233389	 9.233389	 9.233389	 9.233389	 9.233389	 9.233389	 9.233389	 9.233389	
37      	 0.000000	 2.248341	 4.181020	 5.556312	 6.428258	 6.918413	 7.122635	 7.149792	 7.186486	 7.416938	 7.938102	 8.744342	 9.506909	 9.903415	 9.960021	 9.790028	 9.506735	 9.506735	 9.506735	 9.506735	 9.506735	 9.506735	 9.506735	 9.506735	 9.506735	 9.506735	 9.506735	 9.506735	 9.506735	 9.506735	 9.506735	 9.506735	 9.506735	 9.506735	 9.506735	 9.506735	 9.506735	 9.506735	 9.506735	 9.506735	
38      	 0.000000	 2.290463	 4.264284	 5.677952	 6.580483	 7.091169	 7.317902	 7.379660	 7.451199	 7.702589	 8.229393	 9.029128	 9.781634	 10.172548	 10.228357	 10.060763	 9.781468	 9.781468	 9.781468	 9.781468	 9.781468	 9.781468	 9.781468	 9.781468	 9.781468	 9.781468	 9.781468	 9.781468	 9.781468	 9.781468	 9.781468	 9.781468	 9.781468	 9.781468	 9.781468	 9.781468	 9.781468	 9.781468	 9.781468	 9.781468	
39      	 0.000000	 2.331093	 4.345170	 5.797311	 6.730987	 7.262788	 7.513389	 7.612458	 7.721550	 7.995056	 8.526824	 9.317790	 10.057782	 10.441799	 10.496624	 10.331989	 10.057623	 10.057623	 10.057623	 10.057623	 10.057623	 10.057623	 10.057623	 10.057623	 10.057623	 10.057623	 10.057623	 10.057623	 10.057623	 10.057623	 10.057623	 10.057623	 10.057623	 10.057623	 10.057623	 10.057623	 10.057623	 10.057623	 10.057623	 10.057623	
40      	 0.000000	 2.370192	 4.423614	 5.914326	 6.879725	 7.433238	 7.709103	 7.848263	 7.997688	 8.294517	 8.830556	 9.610430	 10.335390	 10.711171	 10.764822	 10.603719	 10.335240	 10.335240	 10.335240	 10.335240	 10.335240	 10.335240	 10.335240	 10.335240	 10.335240	 10.335240	 10.335240	 10.335240	 10.335240	 10.335240	 10.335240	 10.335240	 10.335240	 10.335240	 10.335240	 10.335240	 10.335240	 10.335240	 10.335240	 10.335240	
41      	 0.000000	 2.407721	 4.499554	 6.028940	 7.026651	 7.602491	 7.905050	 8.087153	 8.279761	 8.601153	 9.140751	 9.907150	 10.614495	 10.980667	 11.032947	 10.875966	 10.614355	 10.614355	 10.614355	 10.614355	 10.614355	 10.614355	 10.614355	 10.614355	 10.614355	 10.614355	 10.614355	 10.614355	 10.614355	 10.614355	 10.614355	 10.614355	 10.614355	 10.614355	 10.614355	 10.614355	 10.614355	 10.614355	 10.614355	 10.614355	
42      	 0.000000	 2.443641	 4.572927	 6.141090	 7.171721	 7.770515	 8.101235	 8.329205	 8.567919	 8.915143	 9.457571	 10.208053	 10.895135	 11.250290	 11.300999	 11.148744	 10.895006	 10.895006	 10.895006	 10.895006	 10.895006	 10.895006	 10.895006	 10.895006	 10.895006	 10.895006	 10.895006	 10.895006	 10.895006	 10.895006	 10.895006	 10.895006	 10.895006	 10.895006	 10.895006	 10.895006	 10.895006	 10.895006	 10.895006	 10.895006	
43      	 0.000000	 2.477913	 4.643671	 6.250718	 7.314889	 7.937281	 8.297665	 8.574496	 8.862308	 9.236665	 9.781177	 10.513239	 11.177347	 11.520043	 11.568975	 11.422064	 11.177230	 11.177230	 11.177230	 11.177230	 11.177230	 11.177230	 11.177230	 11.177230	 11.177230	 11.177230	 11.177230	 11.177230	 11.177230	 11.177230	 11.177230	 11.177230	 11.177230	 11.177230	 11.177230	 11.177230	 11.177230	 11.177230	 11.177230	 11.177230	
44      	 0.000000	 2.510496	 4.711723	 6.357764	 7.456109	 8.102759	 8.494344	 8.823103	 9.163078	 9.565900	 10.111730	 10.822812	 11.461169	 11.789930	 11.836874	 11.695939	 11.461065	 11.461065	 11.461065	 11.461065	 11.461065	 11.461065	 11.461065	 11.461065	 11.461065	 11.461065	 11.461065	 11.461065	 11.461065	 11.461065	 11.461065	 11.461065	 11.461065	 11.461065	 11.461065	 11.461065	 11.461065	 11.461065	 11.461065	 11.461065	
45      	 0.000000	 2.541353	 4.777021	 6.462166	 7.595337	 8.266920	 8.691280	 9.075102	 9.470377	 9.903026	 10.449393	 11.136873	 11.746638	 12.059953	 12.104694	 11.970384	 11.746549	 11.746549	 11.746549	 11.746549	 11.746549	 11.746549	 11.746549	 11.746549	 11.746549	 11.746549	 11.746549	 11.746549	 11.746549	 11.746549	 11.746549	 11.746549	 11.746549	 11.746549	 11.746549	 11.746549	 11.746549	 11.746549	 11.746549	 11.746549	
46      	 0.000000	 2.570443	 4.839501	 6.563866	 7.732526	 8.429732	 8.888477	 9.330572	 9.784353	 10.248223	 10.794326	 11.455524	 12.033791	 12.330116	 12.372433	 12.245410	 12.033718	 12.033718	 12.033718	 12.033718	 12.033718	 12.033718	 12.033718	 12.033718	 12.033718	 12.033718	 12.033718	 12.033718	 12.033718	 12.033718	 12.033718	 12.033718	 12.033718	 12.033718	 12.033718	 12.033718	 12.033718	 12.033718	 12.033718	 12.033718	
47      	 0.000000	 2.597727	 4.899102	 6.662803	 7.867633	 8.591167	 9.085942	 9.589590	 10.105156	 10.601670	 11.146692	 11.778868	 12.322667	 12.600422	 12.640089	 12.521031	 12.322610	 12.322610	 12.322610	 12.322610	 12.322610	 12.322610	 12.322610	 12.322610	 12.322610	 12.322610	 12.322610	 12.322610	 12.322610	 12.322610	 12.322610	 12.322610	 12.322610	 12.322610	 12.322610	 12.322610	 12.322610	 12.322610	 12.322610	 12.322610	
48      	 0.000000	 2.623167	 4.955760	 6.758917	 8.000611	 8.751194	 9.283680	 9.852232	 10.432932	 10.963547	 11.506652	 12.107005	 12.613302	 12.870873	 12.907660	 12.797259	 12.613263	 12.613263	 12.613263	 12.613263	 12.613263	 12.613263	 12.613263	 12.613263	 12.613263	 12.613263	 12.613263	 12.613263	 12.613263	 12.613263	 12.613263	 12.613263	 12.613263	 12.613263	 12.613263	 12.613263	 12.613263	 12.613263	 12.613263	 12.613263	
49      	 0.000000	 2.646723	 5.009414	 6.852147	 8.131415	 8.909783	 9.481698	 10.118575	 10.767830	 11.334033	 11.874367	 12.440039	 12.905734	 13.141473	 13.175146	 13.074107	 12.905714	 12.905714	 12.905714	 12.905714	 12.905714	 12.905714	 12.905714	 12.905714	 12.905714	 12.905714	 12.905714	 12.905714	 12.905714	 12.905714	 12.905714	 12.905714	 12.905714	 12.905714	 12.905714	 12.905714	 12.905714	 12.905714	 12.905714	 12.905714	
50      	 0.000000	 2.668355	 5.060000	 6.942435	 8.260000	 9.066904	 9.680000	 10.388697	 11.110000	 11.713308	 12.250000	 12.778071	 13.200000	 13.412225	 13.442543	 13.351589	 13.200000	 13.200000	 13.200000	 13.200000	 13.200000	 13.200000	 13.200000	 13.200000	 13.200000	 13.200000	 13.200000	 13.200000	 13.200000	 13.200000	 13.200000	 13.200000	 13.200000	 13.200000	 13.200000	 13.200000	 13.200000	 13.200000	 13.200000	 13.200000	
51      	 0.000000	 2.688060	 5.107483	 7.029673	 8.386207	 9.222409	 9.878423	 10.662314	 11.459015	 12.100881	 12.633094	 13.120761	 13.495886	 13.682982	 13.709714	 13.629538	 13.495907	 13.495907	 13.495907	 13.495907	 13.495907	 13.495907	 13.495907	 13.495907	 13.495907	 13.495907	 13.495907	 13.495907	 13.495907	 13.495907	 13.495907	 13.495907	 13.495907	 13.495907	 13.495907	 13.495907	 13.495907	 13.495907	 13.495907	 13.495907	
52      	 0.000000	 2.705975	 5.151932	 7.113565	 8.509421	 9.375671	 10.076123	 10.937699	 11.812151	 12.493588	 13.020724	 13.466002	 13.792171	 13.952992	 13.975976	 13.907067	 13.792213	 13.792213	 13.792213	 13.792213	 13.792213	 13.792213	 13.792213	 13.792213	 13.792213	 13.792213	 13.792213	 13.792213	 13.792213	 13.792213	 13.792213	 13.792213	 13.792213	 13.792213	 13.792213	 13.792213	 13.792213	 13.792213	 13.792213	 13.792213	
53      	 0.000000	 2.722274	 5.193446	 7.193769	 8.628914	 9.525946	 10.272086	 11.212766	 12.166113	 12.887594	 13.409349	 13.811244	 14.087381	 14.221356	 14.240508	 14.183112	 14.087441	 14.087441	 14.087441	 14.087441	 14.087441	 14.087441	 14.087441	 14.087441	 14.087441	 14.087441	 14.087441	 14.087441	 14.087441	 14.087441	 14.087441	 14.087441	 14.087441	 14.087441	 14.087441	 14.087441	 14.087441	 14.087441	 14.087441	 14.087441	
54      	 0.000000	 2.737128	 5.232121	 7.269943	 8.743958	 9.672488	 10.465297	 11.485427	 12.517604	 13.279065	 13.795425	 14.153936	 14.380043	 14.487172	 14.502493	 14.456607	 14.380118	 14.380118	 14.380118	 14.380118	 14.380118	 14.380118	 14.380118	 14.380118	 14.380118	 14.380118	 14.380118	 14.380118	 14.380118	 14.380118	 14.380118	 14.380118	 14.380118	 14.380118	 14.380118	 14.380118	 14.380118	 14.380118	 14.380118	 14.380118	
55      	 0.000000	 2.750711	 5.268055	 7.341745	 8.853824	 9.814553	 10.654743	 11.753595	 12.863325	 13.664167	 14.175410	 14.491529	 14.668683	 14.749540	 14.761109	 14.726487	 14.668769	 14.668769	 14.668769	 14.668769	 14.668769	 14.668769	 14.668769	 14.668769	 14.668769	 14.668769	 14.668769	 14.668769	 14.668769	 14.668769	 14.668769	 14.668769	 14.668769	 14.668769	 14.668769	 14.668769	 14.668769	 14.668769	 14.668769	 14.668769	
56      	 0.000000	 2.763196	 5.301344	 7.408832	 8.957785	 9.951396	 10.839409	 12.015182	 13.199980	 14.039065	 14.545763	 14.821474	 14.951829	 15.007557	 15.015537	 14.991686	 14.951918	 14.951918	 14.951918	 14.951918	 14.951918	 14.951918	 14.951918	 14.951918	 14.951918	 14.951918	 14.951918	 14.951918	 14.951918	 14.951918	 14.951918	 14.951918	 14.951918	 14.951918	 14.951918	 14.951918	 14.951918	 14.951918	 14.951918	 14.951918	
57      	 0.000000	 2.774754	 5.332086	 7.470862	 9.055111	 10.082272	 11.018282	 12.268101	 13.524272	 14.399926	 14.902941	 15.141220	 15.228007	 15.260324	 15.264959	 15.251138	 15.228090	 15.228090	 15.228090	 15.228090	 15.228090	 15.228090	 15.228090	 15.228090	 15.228090	 15.228090	 15.228090	 15.228090	 15.228090	 15.228090	 15.228090	 15.228090	 15.228090	 15.228090	 15.228090	 15.228090	 15.228090	 15.228090	 15.228090	 15.228090	
58      	 0.000000	 2.785560	 5.360378	 7.527493	 9.145074	 10.206435	 11.190348	 12.510265	 13.832904	 14.742914	 15.243401	 15.448217	 15.495743	 15.506940	 15.508554	 15.503780	 15.495811	 15.495811	 15.495811	 15.495811	 15.495811	 15.495811	 15.495811	 15.495811	 15.495811	 15.495811	 15.495811	 15.495811	 15.495811	 15.495811	 15.495811	 15.495811	 15.495811	 15.495811	 15.495811	 15.495811	 15.495811	 15.495811	 15.495811	 15.495811	
59      	 0.000000	 2.795786	 5.386317	 7.578382	 9.226947	 10.323141	 11.354592	 12.739587	 14.122579	 15.064197	 15.563602	 15.739917	 15.753566	 15.746503	 15.745502	 15.748544	 15.753606	 15.753606	 15.753606	 15.753606	 15.753606	 15.753606	 15.753606	 15.753606	 15.753606	 15.753606	 15.753606	 15.753606	 15.753606	 15.753606	 15.753606	 15.753606	 15.753606	 15.753606	 15.753606	 15.753606	 15.753606	 15.753606	 15.753606	 15.753606	
60      	 0.000000	 2.805604	 5.410000	 7.623187	 9.300000	 10.431646	 11.510000	 12.953979	 14.390000	 15.359938	 15.860000	 16.013768	 16.000000	 15.978112	 15.974985	 15.984366	 16.000000	 16.000000	 16.000000	 16.000000	 16.000000	 16.000000	 16.000000	 16.000000	 16.000000	 16.000000	 16.000000	 16.000000	 16.000000	 16.000000	 16.000000	 16.000000	 16.000000	 16.000000	 16.000000	 16.000000	 16.000000	 16.000000	 16.000000	 16.000000	
61      	 0.000000	 2.815144	 5.431520	 7.661724	 9.363801	 10.531495	 11.655903	 13.151992	 14.632855	 15.627459	 16.130138	 16.268023	 16.234060	 16.201186	 16.196478	 16.210547	 16.234005	 16.234005	 16.234005	 16.234005	 16.234005	 16.234005	 16.234005	 16.234005	 16.234005	 16.234005	 16.234005	 16.234005	 16.234005	 16.234005	 16.234005	 16.234005	 16.234005	 16.234005	 16.234005	 16.234005	 16.234005	 16.234005	 16.234005	 16.234005	
62      	 0.000000	 2.824358	 5.450955	 7.694439	 9.419094	 10.623402	 11.793013	 13.334728	 14.852772	 15.868694	 16.375897	 16.504134	 16.456701	 16.416414	 16.410634	 16.427859	 16.456586	 16.456586	 16.456586	 16.456586	 16.456586	 16.456586	 16.456586	 16.456586	 16.456586	 16.456586	 16.456586	 16.456586	 16.456586	 16.456586	 16.456586	 16.456586	 16.456586	 16.456586	 16.456586	 16.456586	 16.456586	 16.456586	 16.456586	 16.456586	
63      	 0.000000	 2.833153	 5.468375	 7.721937	 9.466920	 10.708370	 11.922384	 13.503925	 15.052365	 16.086731	 16.600239	 16.724358	 16.669369	 16.624807	 16.618402	 16.637437	 16.669191	 16.669191	 16.669191	 16.669191	 16.669191	 16.669191	 16.669191	 16.669191	 16.669191	 16.669191	 16.669191	 16.669191	 16.669191	 16.669191	 16.669191	 16.669191	 16.669191	 16.669191	 16.669191	 16.669191	 16.669191	 16.669191	 16.669191	 16.669191	
64      	 0.000000	 2.841438	 5.483853	 7.744822	 9.508319	 10.787406	 12.045073	 13.661323	 15.234248	 16.284660	 16.806131	 16.930948	 16.873505	 16.827372	 16.820732	 16.840420	 16.873273	 16.873273	 16.873273	 16.873273	 16.873273	 16.873273	 16.873273	 16.873273	 16.873273	 16.873273	 16.873273	 16.873273	 16.873273	 16.873273	 16.873273	 16.873273	 16.873273	 16.873273	 16.873273	 16.873273	 16.873273	 16.873273	 16.873273	 16.873273	
65      	 0.000000	 2.849122	 5.497462	 7.763698	 9.544332	 10.861512	 12.162136	 13.808661	 15.401035	 16.465570	 16.996535	 17.126160	 17.070554	 17.025121	 17.018572	 17.037946	 17.070281	 17.070281	 17.070281	 17.070281	 17.070281	 17.070281	 17.070281	 17.070281	 17.070281	 17.070281	 17.070281	 17.070281	 17.070281	 17.070281	 17.070281	 17.070281	 17.070281	 17.070281	 17.070281	 17.070281	 17.070281	 17.070281	 17.070281	 17.070281	
66      	 0.000000	 2.856112	 5.509275	 7.779170	 9.575998	 10.931694	 12.274627	 13.947678	 15.555339	 16.632548	 17.174416	 17.312249	 17.261959	 17.219061	 17.212870	 17.231151	 17.261667	 17.261667	 17.261667	 17.261667	 17.261667	 17.261667	 17.261667	 17.261667	 17.261667	 17.261667	 17.261667	 17.261667	 17.261667	 17.261667	 17.261667	 17.261667	 17.261667	 17.261667	 17.261667	 17.261667	 17.261667	 17.261667	 17.261667	 17.261667	
67      	 0.000000	 2.862316	 5.519362	 7.791843	 9.604357	 10.998956	 12.383604	 14.080114	 15.699774	 16.788684	 17.342739	 17.491468	 17.449162	 17.410203	 17.404577	 17.421173	 17.448881	 17.448881	 17.448881	 17.448881	 17.448881	 17.448881	 17.448881	 17.448881	 17.448881	 17.448881	 17.448881	 17.448881	 17.448881	 17.448881	 17.448881	 17.448881	 17.448881	 17.448881	 17.448881	 17.448881	 17.448881	 17.448881	 17.448881	 17.448881	
68      	 0.000000	 2.867643	 5.527797	 7.802321	 9.630451	 11.064302	 12.490121	 14.207708	 15.836953	 16.937067	 17.504468	 17.666074	 17.633608	 17.599554	 17.594640	 17.609151	 17.633374	 17.633374	 17.633374	 17.633374	 17.633374	 17.633374	 17.633374	 17.633374	 17.633374	 17.633374	 17.633374	 17.633374	 17.633374	 17.633374	 17.633374	 17.633374	 17.633374	 17.633374	 17.633374	 17.633374	 17.633374	 17.633374	 17.633374	 17.633374	
69      	 0.000000	 2.872000	 5.534653	 7.811208	 9.655318	 11.128737	 12.595234	 14.332199	 15.969491	 17.080785	 17.662567	 17.838320	 17.816739	 17.788126	 17.784008	 17.796220	 17.816597	 17.816597	 17.816597	 17.816597	 17.816597	 17.816597	 17.816597	 17.816597	 17.816597	 17.816597	 17.816597	 17.816597	 17.816597	 17.816597	 17.816597	 17.816597	 17.816597	 17.816597	 17.816597	 17.816597	 17.816597	 17.816597	 17.816597	 17.816597	
70      	 0.000000	 2.875297	 5.540000	 7.819109	 9.680000	 11.193266	 12.700000	 14.455327	 16.100000	 17.222928	 17.820000	 18.010462	 18.000000	 17.976926	 17.973630	 17.983519	 18.000000	 18.000000	 18.000000	 18.000000	 18.000000	 18.000000	 18.000000	 18.000000	 18.000000	 18.000000	 18.000000	 18.000000	 18.000000	 18.000000	 18.000000	 18.000000	 18.000000	 18.000000	 18.000000	 18.000000	 18.000000	 18.000000	 18.000000	 18.000000	
71      	 0.000000	 2.877427	 5.543856	 7.826488	 9.705341	 11.258720	 12.805293	 14.578511	 16.230597	 17.365979	 17.979132	 18.184266	 18.184476	 18.166678	 18.164178	 18.171875	 18.184671	 18.184671	 18.184671	 18.184671	 18.184671	 18.184671	 18.184671	 18.184671	 18.184671	 18.184671	 18.184671	 18.184671	 18.184671	 18.184671	 18.184671	 18.184671	 18.184671	 18.184671	 18.184671	 18.184671	 18.184671	 18.184671	 18.184671	 18.184671	
72      	 0.000000	 2.878234	 5.546010	 7.833250	 9.731403	 11.325238	 12.911265	 14.701897	 16.361401	 17.510006	 18.139928	 18.359537	 18.369824	 18.356958	 18.355210	 18.360875	 18.370245	 18.370245	 18.370245	 18.370245	 18.370245	 18.370245	 18.370245	 18.370245	 18.370245	 18.370245	 18.370245	 18.370245	 18.370245	 18.370245	 18.370245	 18.370245	 18.370245	 18.370245	 18.370245	 18.370245	 18.370245	 18.370245	 18.370245	 18.370245	
73      	 0.000000	 2.877546	 5.546195	 7.839156	 9.758055	 11.392786	 13.017886	 14.825311	 16.492036	 17.654473	 18.301753	 18.535595	 18.555344	 18.547055	 18.546011	 18.549795	 18.555994	 18.555994	 18.555994	 18.555994	 18.555994	 18.555994	 18.555994	 18.555994	 18.555994	 18.555994	 18.555994	 18.555994	 18.555994	 18.555994	 18.555994	 18.555994	 18.555994	 18.555994	 18.555994	 18.555994	 18.555994	 18.555994	 18.555994	 18.555994	
74      	 0.000000	 2.875192	 5.544146	 7.843971	 9.785164	 11.461332	 13.125129	 14.948579	 16.622123	 17.798842	 18.463972	 18.711758	 18.740336	 18.736260	 18.735861	 18.737913	 18.741190	 18.741190	 18.741190	 18.741190	 18.741190	 18.741190	 18.741190	 18.741190	 18.741190	 18.741190	 18.741190	 18.741190	 18.741190	 18.741190	 18.741190	 18.741190	 18.741190	 18.741190	 18.741190	 18.741190	 18.741190	 18.741190	 18.741190	 18.741190	
75      	 0.000000	 2.871001	 5.539596	 7.847459	 9.812598	 11.530841	 13.232964	 15.071529	 16.751285	 17.942578	 18.625950	 18.887343	 18.924100	 18.923862	 18.924043	 18.924505	 18.925106	 18.925106	 18.925106	 18.925106	 18.925106	 18.925106	 18.925106	 18.925106	 18.925106	 18.925106	 18.925106	 18.925106	 18.925106	 18.925106	 18.925106	 18.925106	 18.925106	 18.925106	 18.925106	 18.925106	 18.925106	 18.925106	 18.925106	 18.925106	
76      	 0.000000	 2.864803	 5.532278	 7.849383	 9.840224	 11.601279	 13.341361	 15.193985	 16.879144	 18.085144	 18.787052	 19.061668	 19.105936	 19.109150	 19.109840	 19.108847	 19.107013	 19.107013	 19.107013	 19.107013	 19.107013	 19.107013	 19.107013	 19.107013	 19.107013	 19.107013	 19.107013	 19.107013	 19.107013	 19.107013	 19.107013	 19.107013	 19.107013	 19.107013	 19.107013	 19.107013	 19.107013	 19.107013	 19.107013	 19.107013	
77      	 0.000000	 2.856426	 5.521925	 7.849506	 9.867910	 11.672614	 13.450292	 15.315775	 17.005323	 18.226002	 18.946643	 19.234051	 19.285145	 19.291415	 19.292533	 19.290217	 19.286184	 19.286184	 19.286184	 19.286184	 19.286184	 19.286184	 19.286184	 19.286184	 19.286184	 19.286184	 19.286184	 19.286184	 19.286184	 19.286184	 19.286184	 19.286184	 19.286184	 19.286184	 19.286184	 19.286184	 19.286184	 19.286184	 19.286184	 19.286184	
78      	 0.000000	 2.845700	 5.508273	 7.847592	 9.895523	 11.744812	 13.559729	 15.436724	 17.129444	 18.364616	 19.104088	 19.403811	 19.461025	 19.469945	 19.471405	 19.467892	 19.461891	 19.461891	 19.461891	 19.461891	 19.461891	 19.461891	 19.461891	 19.461891	 19.461891	 19.461891	 19.461891	 19.461891	 19.461891	 19.461891	 19.461891	 19.461891	 19.461891	 19.461891	 19.461891	 19.461891	 19.461891	 19.461891	 19.461891	 19.461891	
79      	 0.000000	 2.832453	 5.491053	 7.843404	 9.922930	 11.817838	 13.669641	 15.556659	 17.251129	 18.500449	 19.258752	 19.570265	 19.632876	 19.644032	 19.645739	 19.641147	 19.633406	 19.633406	 19.633406	 19.633406	 19.633406	 19.633406	 19.633406	 19.633406	 19.633406	 19.633406	 19.633406	 19.633406	 19.633406	 19.633406	 19.633406	 19.633406	 19.633406	 19.633406	 19.633406	 19.633406	 19.633406	 19.633406	 19.633406	 19.633406	
80      	 0.000000	 2.816514	 5.470000	 7.836707	 9.950000	 11.891659	 13.780000	 15.675406	 17.370000	 18.632966	 19.410000	 19.732731	 19.800000	 19.812964	 19.814815	 19.809260	 19.800000	 19.800000	 19.800000	 19.800000	 19.800000	 19.800000	 19.800000	 19.800000	 19.800000	 19.800000	 19.800000	 19.800000	 19.800000	 19.800000	 19.800000	 19.800000	 19.800000	 19.800000	 19.800000	 19.800000	 19.800000	 19.800000	 19.800000	 19.800000	
81      	 0.000000	 2.797828	 5.445026	 7.827427	 9.976698	 11.966269	 13.890772	 15.792822	 17.485767	 18.761746	 19.557330	 19.890676	 19.961861	 19.976207	 19.978098	 19.971687	 19.961124	 19.961124	 19.961124	 19.961124	 19.961124	 19.961124	 19.961124	 19.961124	 19.961124	 19.961124	 19.961124	 19.961124	 19.961124	 19.961124	 19.961124	 19.961124	 19.961124	 19.961124	 19.961124	 19.961124	 19.961124	 19.961124	 19.961124	 19.961124	
82      	 0.000000	 2.776792	 5.416764	 7.816148	 10.003380	 12.041768	 14.001906	 15.908884	 17.598486	 18.886843	 19.700769	 20.044167	 20.118590	 20.133932	 20.135770	 20.128605	 20.116939	 20.116939	 20.116939	 20.116939	 20.116939	 20.116939	 20.116939	 20.116939	 20.116939	 20.116939	 20.116939	 20.116939	 20.116939	 20.116939	 20.116939	 20.116939	 20.116939	 20.116939	 20.116939	 20.116939	 20.116939	 20.116939	 20.116939	 20.116939	
83      	 0.000000	 2.753919	 5.386023	 7.803620	 10.030503	 12.118284	 14.113346	 16.023599	 17.708301	 19.008426	 19.840478	 20.193417	 20.270484	 20.286485	 20.288192	 20.280371	 20.267784	 20.267784	 20.267784	 20.267784	 20.267784	 20.267784	 20.267784	 20.267784	 20.267784	 20.267784	 20.267784	 20.267784	 20.267784	 20.267784	 20.267784	 20.267784	 20.267784	 20.267784	 20.267784	 20.267784	 20.267784	 20.267784	 20.267784	 20.267784	
84      	 0.000000	 2.729723	 5.353615	 7.790589	 10.058522	 12.195945	 14.225034	 16.136976	 17.815356	 19.126666	 19.976616	 20.338641	 20.417838	 20.434214	 20.435730	 20.427340	 20.413997	 20.413997	 20.413997	 20.413997	 20.413997	 20.413997	 20.413997	 20.413997	 20.413997	 20.413997	 20.413997	 20.413997	 20.413997	 20.413997	 20.413997	 20.413997	 20.413997	 20.413997	 20.413997	 20.413997	 20.413997	 20.413997	 20.413997	 20.413997	
85      	 0.000000	 2.704715	 5.320350	 7.777804	 10.087891	 12.274878	 14.336915	 16.249021	 17.919794	 19.241733	 20.109345	 20.480055	 20.560950	 20.577464	 20.578744	 20.569870	 20.555918	 20.555918	 20.555918	 20.555918	 20.555918	 20.555918	 20.555918	 20.555918	 20.555918	 20.555918	 20.555918	 20.555918	 20.555918	 20.555918	 20.555918	 20.555918	 20.555918	 20.555918	 20.555918	 20.555918	 20.555918	 20.555918	 20.555918	 20.555918	
86      	 0.000000	 2.679411	 5.287040	 7.766012	 10.119065	 12.355210	 14.448933	 16.359742	 18.021759	 19.353798	 20.238824	 20.617872	 20.700115	 20.716582	 20.717599	 20.708317	 20.693885	 20.693885	 20.693885	 20.693885	 20.693885	 20.693885	 20.693885	 20.693885	 20.693885	 20.693885	 20.693885	 20.693885	 20.693885	 20.693885	 20.693885	 20.693885	 20.693885	 20.693885	 20.693885	 20.693885	 20.693885	 20.693885	 20.693885	 20.693885	
87      	 0.000000	 2.654321	 5.254495	 7.755963	 10.152501	 12.437070	 14.561031	 16.469146	 18.121394	 19.463031	 20.365213	 20.752308	 20.835629	 20.851915	 20.852657	 20.843037	 20.828236	 20.828236	 20.828236	 20.828236	 20.828236	 20.828236	 20.828236	 20.828236	 20.828236	 20.828236	 20.828236	 20.828236	 20.828236	 20.828236	 20.828236	 20.828236	 20.828236	 20.828236	 20.828236	 20.828236	 20.828236	 20.828236	 20.828236	 20.828236	
88      	 0.000000	 2.629959	 5.223527	 7.748404	 10.188652	 12.520585	 14.673152	 16.577242	 18.218844	 19.569602	 20.488672	 20.883577	 20.967790	 20.983810	 20.984281	 20.974388	 20.959312	 20.959312	 20.959312	 20.959312	 20.959312	 20.959312	 20.959312	 20.959312	 20.959312	 20.959312	 20.959312	 20.959312	 20.959312	 20.959312	 20.959312	 20.959312	 20.959312	 20.959312	 20.959312	 20.959312	 20.959312	 20.959312	 20.959312	 20.959312	
89      	 0.000000	 2.606838	 5.194945	 7.744082	 10.227975	 12.605882	 14.785242	 16.684036	 18.314250	 19.673681	 20.609363	 21.011895	 21.096894	 21.112613	 21.112834	 21.102725	 21.087450	 21.087450	 21.087450	 21.087450	 21.087450	 21.087450	 21.087450	 21.087450	 21.087450	 21.087450	 21.087450	 21.087450	 21.087450	 21.087450	 21.087450	 21.087450	 21.087450	 21.087450	 21.087450	 21.087450	 21.087450	 21.087450	 21.087450	 21.087450	
90      	 0.000000	 2.585471	 5.169561	 7.743747	 10.270924	 12.693090	 14.897243	 16.789536	 18.407758	 19.775439	 20.727444	 21.137475	 21.223236	 21.238670	 21.238679	 21.228405	 21.212989	 21.212989	 21.212989	 21.212989	 21.212989	 21.212989	 21.212989	 21.212989	 21.212989	 21.212989	 21.212989	 21.212989	 21.212989	 21.212989	 21.212989	 21.212989	 21.212989	 21.212989	 21.212989	 21.212989	 21.212989	 21.212989	 21.212989	 21.212989	
91      	 0.000000	 2.566370	 5.148186	 7.748146	 10.317954	 12.782336	 15.009099	 16.893750	 18.499511	 19.875045	 20.843076	 21.260533	 21.347114	 21.362329	 21.362179	 21.351785	 21.336269	 21.336269	 21.336269	 21.336269	 21.336269	 21.336269	 21.336269	 21.336269	 21.336269	 21.336269	 21.336269	 21.336269	 21.336269	 21.336269	 21.336269	 21.336269	 21.336269	 21.336269	 21.336269	 21.336269	 21.336269	 21.336269	 21.336269	 21.336269	
92      	 0.000000	 2.550049	 5.131631	 7.758028	 10.369522	 12.873747	 15.120754	 16.996686	 18.589653	 19.972672	 20.956420	 21.381283	 21.468823	 21.483936	 21.483696	 21.473220	 21.457628	 21.457628	 21.457628	 21.457628	 21.457628	 21.457628	 21.457628	 21.457628	 21.457628	 21.457628	 21.457628	 21.457628	 21.457628	 21.457628	 21.457628	 21.457628	 21.457628	 21.457628	 21.457628	 21.457628	 21.457628	 21.457628	 21.457628	 21.457628	
93      	 0.000000	 2.537021	 5.120706	 7.774140	 10.426081	 12.967452	 15.232151	 17.098350	 18.678326	 20.068487	 21.067635	 21.499941	 21.588660	 21.603837	 21.603593	 21.593069	 21.577404	 21.577404	 21.577404	 21.577404	 21.577404	 21.577404	 21.577404	 21.577404	 21.577404	 21.577404	 21.577404	 21.577404	 21.577404	 21.577404	 21.577404	 21.577404	 21.577404	 21.577404	 21.577404	 21.577404	 21.577404	 21.577404	 21.577404	 21.577404	
94      	 0.000000	 2.527798	 5.116223	 7.797230	 10.488087	 13.063577	 15.343235	 17.198750	 18.765675	 20.162663	 21.176882	 21.616720	 21.706922	 21.722380	 21.722234	 21.711686	 21.695937	 21.695937	 21.695937	 21.695937	 21.695937	 21.695937	 21.695937	 21.695937	 21.695937	 21.695937	 21.695937	 21.695937	 21.695937	 21.695937	 21.695937	 21.695937	 21.695937	 21.695937	 21.695937	 21.695937	 21.695937	 21.695937	 21.695937	 21.695937	
95      	 0.000000	 2.522893	 5.118992	 7.828046	 10.555995	 13.162251	 15.453949	 17.297893	 18.851843	 20.255368	 21.284321	 21.731836	 21.823904	 21.839910	 21.839982	 21.829430	 21.813566	 21.813566	 21.813566	 21.813566	 21.813566	 21.813566	 21.813566	 21.813566	 21.813566	 21.813566	 21.813566	 21.813566	 21.813566	 21.813566	 21.813566	 21.813566	 21.813566	 21.813566	 21.813566	 21.813566	 21.813566	 21.813566	 21.813566	 21.813566	
96      	 0.000000	 2.522820	 5.129823	 7.867338	 10.630261	 13.263601	 15.564237	 17.395788	 18.936975	 20.346774	 21.390112	 21.845504	 21.939904	 21.956775	 21.957198	 21.946655	 21.930629	 21.930629	 21.930629	 21.930629	 21.930629	 21.930629	 21.930629	 21.930629	 21.930629	 21.930629	 21.930629	 21.930629	 21.930629	 21.930629	 21.930629	 21.930629	 21.930629	 21.930629	 21.930629	 21.930629	 21.930629	 21.930629	 21.930629	 21.930629	
97      	 0.000000	 2.528091	 5.149529	 7.915852	 10.711339	 13.367755	 15.674042	 17.492442	 19.021212	 20.437051	 21.494415	 21.957937	 22.055217	 22.073321	 22.074247	 22.063719	 22.047465	 22.047465	 22.047465	 22.047465	 22.047465	 22.047465	 22.047465	 22.047465	 22.047465	 22.047465	 22.047465	 22.047465	 22.047465	 22.047465	 22.047465	 22.047465	 22.047465	 22.047465	 22.047465	 22.047465	 22.047465	 22.047465	 22.047465	 22.047465	
98      	 0.000000	 2.539218	 5.178920	 7.974336	 10.799685	 13.474840	 15.783308	 17.587862	 19.104700	 20.526369	 21.597390	 22.069352	 22.170139	 22.189895	 22.191490	 22.180978	 22.164413	 22.164413	 22.164413	 22.164413	 22.164413	 22.164413	 22.164413	 22.164413	 22.164413	 22.164413	 22.164413	 22.164413	 22.164413	 22.164413	 22.164413	 22.164413	 22.164413	 22.164413	 22.164413	 22.164413	 22.164413	 22.164413	 22.164413	 22.164413	
99      	 0.000000	 2.556716	 5.218807	 8.043539	 10.895753	 13.584984	 15.891980	 17.682056	 19.187581	 20.614898	 21.699199	 22.179962	 22.284968	 22.306843	 22.309292	 22.298789	 22.281812	 22.281812	 22.281812	 22.281812	 22.281812	 22.281812	 22.281812	 22.281812	 22.281812	 22.281812	 22.281812	 22.281812	 22.281812	 22.281812	 22.281812	 22.281812	 22.281812	 22.281812	 22.281812	 22.281812	 22.281812	 22.281812	 22.281812	 22.281812	
100     	 0.000000	 2.581097	 5.270000	 8.124210	 11.000000	 13.698315	 16.000000	 17.775032	 19.270000	 20.702809	 21.800000	 22.289983	 22.400000	 22.424512	 22.428014	 22.417509	 22.400000	 22.400000	 22.400000	 22.400000	 22.400000	 22.400000	 22.400000	 22.400000	 22.400000	 22.400000	 22.400000	 22.400000	 22.400000	 22.400000	 22.400000	 22.400000	 22.400000	 22.400000	 22.400000	 22.400000	 22.400000	 22.400000	 22.400000	 22.400000	
101     	 0.000000	 2.612655	 5.332946	 8.216708	 11.112567	 13.814764	 16.107208	 17.866707	 19.351994	 20.790165	 21.899848	 22.399504	 22.515381	 22.543081	 22.547843	 22.537312	 22.519135	 22.519135	 22.519135	 22.519135	 22.519135	 22.519135	 22.519135	 22.519135	 22.519135	 22.519135	 22.519135	 22.519135	 22.519135	 22.519135	 22.519135	 22.519135	 22.519135	 22.519135	 22.519135	 22.519135	 22.519135	 22.519135	 22.519135	 22.519135	
102     	 0.000000	 2.650811	 5.406633	 8.319850	 11.232345	 13.933478	 16.213024	 17.956650	 19.433181	 20.876601	 21.998371	 22.508119	 22.630657	 22.662057	 22.668256	 22.657653	 22.638649	 22.638649	 22.638649	 22.638649	 22.638649	 22.638649	 22.638649	 22.638649	 22.638649	 22.638649	 22.638649	 22.638649	 22.638649	 22.638649	 22.638649	 22.638649	 22.638649	 22.638649	 22.638649	 22.638649	 22.638649	 22.638649	 22.638649	 22.638649	
103     	 0.000000	 2.694768	 5.489683	 8.432063	 11.357911	 14.053409	 16.316765	 18.044339	 19.513073	 20.961646	 22.095090	 22.615296	 22.745225	 22.780781	 22.788554	 22.777804	 22.757792	 22.757792	 22.757792	 22.757792	 22.757792	 22.757792	 22.757792	 22.757792	 22.757792	 22.757792	 22.757792	 22.757792	 22.757792	 22.757792	 22.757792	 22.757792	 22.757792	 22.757792	 22.757792	 22.757792	 22.757792	 22.757792	 22.757792	 22.757792	
104     	 0.000000	 2.743728	 5.580720	 8.551776	 11.487844	 14.173508	 16.417746	 18.129250	 19.591181	 21.044828	 22.189528	 22.720503	 22.858483	 22.898593	 22.908037	 22.897037	 22.875815	 22.875815	 22.875815	 22.875815	 22.875815	 22.875815	 22.875815	 22.875815	 22.875815	 22.875815	 22.875815	 22.875815	 22.875815	 22.875815	 22.875815	 22.875815	 22.875815	 22.875815	 22.875815	 22.875815	 22.875815	 22.875815	 22.875815	 22.875815	
105     	 0.000000	 2.796895	 5.678368	 8.677417	 11.620721	 14.292727	 16.515284	 18.210863	 19.667017	 21.125677	 22.281206	 22.823208	 22.969826	 23.014833	 23.026007	 23.014625	 22.991966	 22.991966	 22.991966	 22.991966	 22.991966	 22.991966	 22.991966	 22.991966	 22.991966	 22.991966	 22.991966	 22.991966	 22.991966	 22.991966	 22.991966	 22.991966	 22.991966	 22.991966	 22.991966	 22.991966	 22.991966	 22.991966	 22.991966	 22.991966	
106     	 0.000000	 2.853469	 5.781248	 8.807415	 11.755119	 14.410015	 16.608694	 18.288656	 19.740094	 21.203720	 22.369646	 22.922881	 23.078651	 23.128840	 23.141763	 23.129842	 23.105498	 23.105498	 23.105498	 23.105498	 23.105498	 23.105498	 23.105498	 23.105498	 23.105498	 23.105498	 23.105498	 23.105498	 23.105498	 23.105498	 23.105498	 23.105498	 23.105498	 23.105498	 23.105498	 23.105498	 23.105498	 23.105498	 23.105498	 23.105498	
107     	 0.000000	 2.912654	 5.887984	 8.940197	 11.889617	 14.524325	 16.697292	 18.362107	 19.809922	 21.278487	 22.454369	 23.018989	 23.184356	 23.239955	 23.254606	 23.241958	 23.215660	 23.215660	 23.215660	 23.215660	 23.215660	 23.215660	 23.215660	 23.215660	 23.215660	 23.215660	 23.215660	 23.215660	 23.215660	 23.215660	 23.215660	 23.215660	 23.215660	 23.215660	 23.215660	 23.215660	 23.215660	 23.215660	 23.215660	 23.215660	
108     	 0.000000	 2.973653	 5.997200	 9.074192	 12.022792	 14.634608	 16.780395	 18.430694	 19.876014	 21.349505	 22.534898	 23.111002	 23.286336	 23.347519	 23.363838	 23.350248	 23.321703	 23.321703	 23.321703	 23.321703	 23.321703	 23.321703	 23.321703	 23.321703	 23.321703	 23.321703	 23.321703	 23.321703	 23.321703	 23.321703	 23.321703	 23.321703	 23.321703	 23.321703	 23.321703	 23.321703	 23.321703	 23.321703	 23.321703	 23.321703	
109     	 0.000000	 3.035667	 6.107519	 9.207829	 12.153222	 14.739814	 16.857318	 18.493895	 19.937881	 21.416303	 22.610755	 23.198386	 23.383988	 23.450870	 23.468758	 23.453983	 23.422876	 23.422876	 23.422876	 23.422876	 23.422876	 23.422876	 23.422876	 23.422876	 23.422876	 23.422876	 23.422876	 23.422876	 23.422876	 23.422876	 23.422876	 23.422876	 23.422876	 23.422876	 23.422876	 23.422876	 23.422876	 23.422876	 23.422876	 23.422876	
110     	 0.000000	 3.097900	 6.217563	 9.339535	 12.279485	 14.838896	 16.927378	 18.551189	 19.995036	 21.478410	 22.681460	 23.280611	 23.476710	 23.549350	 23.568667	 23.552436	 23.518430	 23.518430	 23.518430	 23.518430	 23.518430	 23.518430	 23.518430	 23.518430	 23.518430	 23.518430	 23.518430	 23.518430	 23.518430	 23.518430	 23.518430	 23.518430	 23.518430	 23.518430	 23.518430	 23.518430	 23.518430	 23.518430	 23.518430	 23.518430	
111     	 0.000000	 3.159553	 6.325956	 9.467739	 12.400158	 14.930804	 16.989890	 18.602053	 20.046991	 21.535354	 22.746536	 23.357145	 23.563898	 23.642297	 23.662866	 23.644879	 23.607616	 23.607616	 23.607616	 23.607616	 23.607616	 23.607616	 23.607616	 23.607616	 23.607616	 23.607616	 23.607616	 23.607616	 23.607616	 23.607616	 23.607616	 23.607616	 23.607616	 23.607616	 23.607616	 23.607616	 23.607616	 23.607616	 23.607616	 23.607616	
112     	 0.000000	 3.219830	 6.431320	 9.590869	 12.513819	 15.014489	 17.044171	 18.645966	 20.093256	 21.586664	 22.805505	 23.427456	 23.644948	 23.729053	 23.750655	 23.730586	 23.689683	 23.689683	 23.689683	 23.689683	 23.689683	 23.689683	 23.689683	 23.689683	 23.689683	 23.689683	 23.689683	 23.689683	 23.689683	 23.689683	 23.689683	 23.689683	 23.689683	 23.689683	 23.689683	 23.689683	 23.689683	 23.689683	 23.689683	 23.689683	
113     	 0.000000	 3.277932	 6.532280	 9.707354	 12.619045	 15.088904	 17.089536	 18.682407	 20.133345	 21.631868	 22.857888	 23.491013	 23.719257	 23.808958	 23.831335	 23.808829	 23.763883	 23.763883	 23.763883	 23.763883	 23.763883	 23.763883	 23.763883	 23.763883	 23.763883	 23.763883	 23.763883	 23.763883	 23.763883	 23.763883	 23.763883	 23.763883	 23.763883	 23.763883	 23.763883	 23.763883	 23.763883	 23.763883	 23.763883	 23.763883	
114     	 0.000000	 3.333063	 6.627458	 9.815622	 12.714416	 15.152998	 17.125302	 18.710852	 20.166768	 21.670496	 22.903207	 23.547284	 23.786222	 23.881350	 23.904206	 23.878881	 23.829465	 23.829465	 23.829465	 23.829465	 23.829465	 23.829465	 23.829465	 23.829465	 23.829465	 23.829465	 23.829465	 23.829465	 23.829465	 23.829465	 23.829465	 23.829465	 23.829465	 23.829465	 23.829465	 23.829465	 23.829465	 23.829465	 23.829465	 23.829465	
115     	 0.000000	 3.384425	 6.715477	 9.914101	 12.798507	 15.205723	 17.150784	 18.730781	 20.193038	 21.702074	 22.940984	 23.595737	 23.845240	 23.945571	 23.968570	 23.940013	 23.885679	 23.885679	 23.885679	 23.885679	 23.885679	 23.885679	 23.885679	 23.885679	 23.885679	 23.885679	 23.885679	 23.885679	 23.885679	 23.885679	 23.885679	 23.885679	 23.885679	 23.885679	 23.885679	 23.885679	 23.885679	 23.885679	 23.885679	 23.885679	
116     	 0.000000	 3.431220	 6.794960	 10.001219	 12.869897	 15.246031	 17.165298	 18.741672	 20.211666	 21.726133	 22.970741	 23.635842	 23.895707	 24.000961	 24.023726	 23.991499	 23.931776	 23.931776	 23.931776	 23.931776	 23.931776	 23.931776	 23.931776	 23.931776	 23.931776	 23.931776	 23.931776	 23.931776	 23.931776	 23.931776	 23.931776	 23.931776	 23.931776	 23.931776	 23.931776	 23.931776	 23.931776	 23.931776	 23.931776	 23.931776	
117     	 0.000000	 3.472650	 6.864531	 10.075405	 12.927164	 15.272872	 17.168161	 18.743002	 20.222164	 21.742200	 22.991999	 23.667065	 23.937019	 24.046859	 24.068976	 24.032612	 23.967007	 23.967007	 23.967007	 23.967007	 23.967007	 23.967007	 23.967007	 23.967007	 23.967007	 23.967007	 23.967007	 23.967007	 23.967007	 23.967007	 23.967007	 23.967007	 23.967007	 23.967007	 23.967007	 23.967007	 23.967007	 23.967007	 23.967007	 23.967007	
118     	 0.000000	 3.507919	 6.922813	 10.135087	 12.968884	 15.285198	 17.158688	 18.734250	 20.224045	 21.749804	 23.004281	 23.688877	 23.968575	 24.082605	 24.103620	 24.062623	 23.990620	 23.990620	 23.990620	 23.990620	 23.990620	 23.990620	 23.990620	 23.990620	 23.990620	 23.990620	 23.990620	 23.990620	 23.990620	 23.990620	 23.990620	 23.990620	 23.990620	 23.990620	 23.990620	 23.990620	 23.990620	 23.990620	 23.990620	 23.990620	
119     	 0.000000	 3.536229	 6.968428	 10.178693	 12.993637	 15.281960	 17.136196	 18.714895	 20.216820	 21.748474	 23.007107	 23.700744	 23.989769	 24.107541	 24.126958	 24.080805	 24.001868	 24.001868	 24.001868	 24.001868	 24.001868	 24.001868	 24.001868	 24.001868	 24.001868	 24.001868	 24.001868	 24.001868	 24.001868	 24.001868	 24.001868	 24.001868	 24.001868	 24.001868	 24.001868	 24.001868	 24.001868	 24.001868	 24.001868	 24.001868	
120     	 0.000000	 3.556783	 7.000000	 10.204652	 13.000000	 15.262109	 17.100000	 18.684413	 20.200000	 21.737738	 23.000000	 23.702136	 24.000000	 24.121005	 24.138291	 24.086432	 24.000000	 24.000000	 24.000000	 24.000000	 24.000000	 24.000000	 24.000000	 24.000000	 24.000000	 24.000000	 24.000000	 24.000000	 24.000000	 24.000000	 24.000000	 24.000000	 24.000000	 24.000000	 24.000000	 24.000000	 24.000000	 24.000000	 24.000000	 24.000000	
121     	 0.000000	 3.568981	 7.016501	 10.211801	 12.986936	 15.224899	 17.049626	 18.642433	 20.173216	 21.717232	 22.982593	 23.692646	 23.998807	 24.122501	 24.137103	 24.078977	 23.984487	 23.984487	 23.984487	 23.984487	 23.984487	 23.984487	 23.984487	 23.984487	 23.984487	 23.984487	 23.984487	 23.984487	 23.984487	 23.984487	 23.984487	 23.984487	 23.984487	 23.984487	 23.984487	 23.984487	 23.984487	 23.984487	 23.984487	 23.984487	
122     	 0.000000	 3.573024	 7.018296	 10.200611	 12.954951	 15.170797	 16.985436	 18.589172	 20.136570	 21.687022	 22.954964	 23.672367	 23.986307	 24.112186	 24.123608	 24.058724	 23.955687	 23.955687	 23.955687	 23.955687	 23.955687	 23.955687	 23.955687	 23.955687	 23.955687	 23.955687	 23.955687	 23.955687	 23.955687	 23.955687	 23.955687	 23.955687	 23.955687	 23.955687	 23.955687	 23.955687	 23.955687	 23.955687	 23.955687	 23.955687	
123     	 0.000000	 3.569310	 7.006101	 10.171964	 12.904938	 15.100572	 16.908002	 18.524997	 20.090282	 21.647283	 22.917302	 23.641517	 23.962758	 24.090381	 24.098202	 24.026156	 23.914177	 23.914177	 23.914177	 23.914177	 23.914177	 23.914177	 23.914177	 23.914177	 23.914177	 23.914177	 23.914177	 23.914177	 23.914177	 23.914177	 23.914177	 23.914177	 23.914177	 23.914177	 23.914177	 23.914177	 23.914177	 23.914177	 23.914177	 23.914177	
124     	 0.000000	 3.558239	 6.980630	 10.126740	 12.837790	 15.014994	 16.817895	 18.450277	 20.034571	 21.598188	 22.869796	 23.600317	 23.928422	 24.057404	 24.061283	 23.981759	 23.860534	 23.860534	 23.860534	 23.860534	 23.860534	 23.860534	 23.860534	 23.860534	 23.860534	 23.860534	 23.860534	 23.860534	 23.860534	 23.860534	 23.860534	 23.860534	 23.860534	 23.860534	 23.860534	 23.860534	 23.860534	 23.860534	 23.860534	 23.860534	
125     	 0.000000	 3.540208	 6.942598	 10.065821	 12.754397	 14.914832	 16.715688	 18.365377	 19.969659	 21.539912	 22.812637	 23.548983	 23.883557	 24.013577	 24.013247	 23.926017	 23.795336	 23.795336	 23.795336	 23.795336	 23.795336	 23.795336	 23.795336	 23.795336	 23.795336	 23.795336	 23.795336	 23.795336	 23.795336	 23.795336	 23.795336	 23.795336	 23.795336	 23.795336	 23.795336	 23.795336	 23.795336	 23.795336	 23.795336	 23.795336	
126     	 0.000000	 3.515617	 6.892720	 9.990086	 12.655653	 14.800856	 16.601952	 18.270665	 19.895765	 21.472627	 22.746013	 23.487735	 23.828424	 23.959220	 23.954492	 23.859414	 23.719162	 23.719162	 23.719162	 23.719162	 23.719162	 23.719162	 23.719162	 23.719162	 23.719162	 23.719162	 23.719162	 23.719162	 23.719162	 23.719162	 23.719162	 23.719162	 23.719162	 23.719162	 23.719162	 23.719162	 23.719162	 23.719162	 23.719162	 23.719162	
127     	 0.000000	 3.484864	 6.831710	 9.900417	 12.542449	 14.673834	 16.477258	 18.166508	 19.813109	 21.396508	 22.670114	 23.416792	 23.763282	 23.894653	 23.885414	 23.782436	 23.632588	 23.632588	 23.632588	 23.632588	 23.632588	 23.632588	 23.632588	 23.632588	 23.632588	 23.632588	 23.632588	 23.632588	 23.632588	 23.632588	 23.632588	 23.632588	 23.632588	 23.632588	 23.632588	 23.632588	 23.632588	 23.632588	 23.632588	 23.632588	
128     	 0.000000	 3.448348	 6.760283	 9.797694	 12.415678	 14.534537	 16.342179	 18.053274	 19.721911	 21.311729	 22.585129	 23.336371	 23.688391	 23.820196	 23.806411	 23.695567	 23.536193	 23.536193	 23.536193	 23.536193	 23.536193	 23.536193	 23.536193	 23.536193	 23.536193	 23.536193	 23.536193	 23.536193	 23.536193	 23.536193	 23.536193	 23.536193	 23.536193	 23.536193	 23.536193	 23.536193	 23.536193	 23.536193	 23.536193	 23.536193	
129     	 0.000000	 3.406468	 6.679154	 9.682799	 12.276232	 14.383733	 16.197286	 17.931328	 19.622392	 21.218464	 22.491247	 23.246692	 23.604010	 23.736169	 23.717879	 23.599291	 23.430554	 23.430554	 23.430554	 23.430554	 23.430554	 23.430554	 23.430554	 23.430554	 23.430554	 23.430554	 23.430554	 23.430554	 23.430554	 23.430554	 23.430554	 23.430554	 23.430554	 23.430554	 23.430554	 23.430554	 23.430554	 23.430554	 23.430554	 23.430554	
130     	 0.000000	 3.359622	 6.589037	 9.556612	 12.125003	 14.222192	 16.043150	 17.801039	 19.514771	 21.116886	 22.388658	 23.147972	 23.510400	 23.642892	 23.620215	 23.494093	 23.316249	 23.316249	 23.316249	 23.316249	 23.316249	 23.316249	 23.316249	 23.316249	 23.316249	 23.316249	 23.316249	 23.316249	 23.316249	 23.316249	 23.316249	 23.316249	 23.316249	 23.316249	 23.316249	 23.316249	 23.316249	 23.316249	 23.316249	 23.316249	
131     	 0.000000	 3.308209	 6.490647	 9.420013	 11.962884	 14.050684	 15.880344	 17.662773	 19.399269	 21.007169	 22.277552	 23.040431	 23.407820	 23.540686	 23.513817	 23.380459	 23.193856	 23.193856	 23.193856	 23.193856	 23.193856	 23.193856	 23.193856	 23.193856	 23.193856	 23.193856	 23.193856	 23.193856	 23.193856	 23.193856	 23.193856	 23.193856	 23.193856	 23.193856	 23.193856	 23.193856	 23.193856	 23.193856	 23.193856	 23.193856	
132     	 0.000000	 3.252629	 6.384700	 9.273885	 11.790766	 13.869978	 15.709440	 17.516897	 19.276106	 20.889488	 22.158116	 22.924287	 23.296530	 23.429870	 23.399081	 23.258871	 23.063952	 23.063952	 23.063952	 23.063952	 23.063952	 23.063952	 23.063952	 23.063952	 23.063952	 23.063952	 23.063952	 23.063952	 23.063952	 23.063952	 23.063952	 23.063952	 23.063952	 23.063952	 23.063952	 23.063952	 23.063952	 23.063952	 23.063952	 23.063952	
133     	 0.000000	 3.193279	 6.271909	 9.119106	 11.609542	 13.680843	 15.531008	 17.363779	 19.145502	 20.764016	 22.030542	 22.799759	 23.176790	 23.310766	 23.276403	 23.129816	 22.927115	 22.927115	 22.927115	 22.927115	 22.927115	 22.927115	 22.927115	 22.927115	 22.927115	 22.927115	 22.927115	 22.927115	 22.927115	 22.927115	 22.927115	 22.927115	 22.927115	 22.927115	 22.927115	 22.927115	 22.927115	 22.927115	 22.927115	 22.927115	
134     	 0.000000	 3.130558	 6.152989	 8.956559	 11.420103	 13.484049	 15.345621	 17.203786	 19.007676	 20.630926	 21.895018	 22.667065	 23.048859	 23.183692	 23.146182	 22.993777	 22.783924	 22.783924	 22.783924	 22.783924	 22.783924	 22.783924	 22.783924	 22.783924	 22.783924	 22.783924	 22.783924	 22.783924	 22.783924	 22.783924	 22.783924	 22.783924	 22.783924	 22.783924	 22.783924	 22.783924	 22.783924	 22.783924	 22.783924	 22.783924	
135     	 0.000000	 3.064866	 6.028656	 8.787125	 11.223343	 13.280365	 15.153850	 17.037284	 18.862849	 20.490394	 21.751734	 22.526424	 22.912997	 23.048970	 23.008814	 22.851239	 22.634955	 22.634955	 22.634955	 22.634955	 22.634955	 22.634955	 22.634955	 22.634955	 22.634955	 22.634955	 22.634955	 22.634955	 22.634955	 22.634955	 22.634955	 22.634955	 22.634955	 22.634955	 22.634955	 22.634955	 22.634955	 22.634955	 22.634955	 22.634955	
136     	 0.000000	 2.996600	 5.899624	 8.611683	 11.020153	 13.070561	 14.956267	 16.864641	 18.711242	 20.342592	 21.600879	 22.378054	 22.769464	 22.906919	 22.864696	 22.702688	 22.480786	 22.480786	 22.480786	 22.480786	 22.480786	 22.480786	 22.480786	 22.480786	 22.480786	 22.480786	 22.480786	 22.480786	 22.480786	 22.480786	 22.480786	 22.480786	 22.480786	 22.480786	 22.480786	 22.480786	 22.480786	 22.480786	 22.480786	 22.480786	
137     	 0.000000	 2.926161	 5.766607	 8.431114	 10.811426	 12.855405	 14.753444	 16.686224	 18.553074	 20.187695	 21.442642	 22.222174	 22.618520	 22.757860	 22.714225	 22.548606	 22.321996	 22.321996	 22.321996	 22.321996	 22.321996	 22.321996	 22.321996	 22.321996	 22.321996	 22.321996	 22.321996	 22.321996	 22.321996	 22.321996	 22.321996	 22.321996	 22.321996	 22.321996	 22.321996	 22.321996	 22.321996	 22.321996	 22.321996	 22.321996	
138     	 0.000000	 2.853945	 5.630320	 8.246300	 10.598053	 12.635668	 14.545952	 16.502400	 18.388565	 20.025876	 21.277213	 22.059003	 22.460424	 22.602113	 22.557798	 22.389480	 22.159162	 22.159162	 22.159162	 22.159162	 22.159162	 22.159162	 22.159162	 22.159162	 22.159162	 22.159162	 22.159162	 22.159162	 22.159162	 22.159162	 22.159162	 22.159162	 22.159162	 22.159162	 22.159162	 22.159162	 22.159162	 22.159162	 22.159162	 22.159162	
139     	 0.000000	 2.780353	 5.491478	 8.058122	 10.380927	 12.412120	 14.334363	 16.313535	 18.217935	 19.857310	 21.104781	 21.888759	 22.295436	 22.439997	 22.395811	 22.225794	 21.992861	 21.992861	 21.992861	 21.992861	 21.992861	 21.992861	 21.992861	 21.992861	 21.992861	 21.992861	 21.992861	 21.992861	 21.992861	 21.992861	 21.992861	 21.992861	 21.992861	 21.992861	 21.992861	 21.992861	 21.992861	 21.992861	 21.992861	 21.992861	
140     	 0.000000	 2.705783	 5.350796	 7.867459	 10.160940	 12.185528	 14.119249	 16.119998	 18.041405	 19.682170	 20.925536	 21.711661	 22.123817	 22.271834	 22.228662	 22.058032	 21.823671	 21.823671	 21.823671	 21.823671	 21.823671	 21.823671	 21.823671	 21.823671	 21.823671	 21.823671	 21.823671	 21.823671	 21.823671	 21.823671	 21.823671	 21.823671	 21.823671	 21.823671	 21.823671	 21.823671	 21.823671	 21.823671	 21.823671	 21.823671	
141     	 0.000000	 2.630633	 5.208989	 7.675194	 9.938984	 11.956663	 13.901182	 15.922155	 17.859195	 19.500630	 20.739666	 21.527927	 21.945825	 22.097943	 22.056748	 21.886678	 21.652171	 21.652171	 21.652171	 21.652171	 21.652171	 21.652171	 21.652171	 21.652171	 21.652171	 21.652171	 21.652171	 21.652171	 21.652171	 21.652171	 21.652171	 21.652171	 21.652171	 21.652171	 21.652171	 21.652171	 21.652171	 21.652171	 21.652171	 21.652171	
142     	 0.000000	 2.555302	 5.066770	 7.482205	 9.715952	 11.726294	 13.680733	 15.720374	 17.671524	 19.312864	 20.547362	 21.337775	 21.761720	 21.918645	 21.880466	 21.712219	 21.478937	 21.478937	 21.478937	 21.478937	 21.478937	 21.478937	 21.478937	 21.478937	 21.478937	 21.478937	 21.478937	 21.478937	 21.478937	 21.478937	 21.478937	 21.478937	 21.478937	 21.478937	 21.478937	 21.478937	 21.478937	 21.478937	 21.478937	 21.478937	
143     	 0.000000	 2.480190	 4.924856	 7.289376	 9.492735	 11.495191	 13.458473	 15.515020	 17.478613	 19.119046	 20.348812	 21.141425	 21.571763	 21.734259	 21.700212	 21.535137	 21.304548	 21.304548	 21.304548	 21.304548	 21.304548	 21.304548	 21.304548	 21.304548	 21.304548	 21.304548	 21.304548	 21.304548	 21.304548	 21.304548	 21.304548	 21.304548	 21.304548	 21.304548	 21.304548	 21.304548	 21.304548	 21.304548	 21.304548	 21.304548	
144     	 0.000000	 2.405694	 4.783960	 7.097585	 9.270226	 11.264122	 13.234976	 15.306463	 17.280682	 18.919349	 20.144207	 20.939096	 21.376212	 21.545106	 21.516384	 21.355918	 21.129581	 21.129581	 21.129581	 21.129581	 21.129581	 21.129581	 21.129581	 21.129581	 21.129581	 21.129581	 21.129581	 21.129581	 21.129581	 21.129581	 21.129581	 21.129581	 21.129581	 21.129581	 21.129581	 21.129581	 21.129581	 21.129581	 21.129581	 21.129581	
145     	 0.000000	 2.332214	 4.644797	 6.907715	 9.049318	 11.033858	 13.010812	 15.095067	 17.077951	 18.713948	 19.933734	 20.731004	 21.175328	 21.351506	 21.329378	 21.175047	 20.954614	 20.954614	 20.954614	 20.954614	 20.954614	 20.954614	 20.954614	 20.954614	 20.954614	 20.954614	 20.954614	 20.954614	 20.954614	 20.954614	 20.954614	 20.954614	 20.954614	 20.954614	 20.954614	 20.954614	 20.954614	 20.954614	 20.954614	 20.954614	
146     	 0.000000	 2.260148	 4.508083	 6.720645	 8.830901	 10.805168	 12.786552	 14.881202	 16.870641	 18.503016	 19.717584	 20.517370	 20.969371	 21.153779	 21.139592	 20.993007	 20.780225	 20.780225	 20.780225	 20.780225	 20.780225	 20.780225	 20.780225	 20.780225	 20.780225	 20.780225	 20.780225	 20.780225	 20.780225	 20.780225	 20.780225	 20.780225	 20.780225	 20.780225	 20.780225	 20.780225	 20.780225	 20.780225	 20.780225	 20.780225	
147     	 0.000000	 2.189896	 4.374531	 6.537257	 8.615869	 10.578821	 12.562770	 14.665232	 16.658970	 18.286728	 19.495947	 20.298411	 20.758599	 20.952245	 20.947422	 20.810285	 20.606991	 20.606991	 20.606991	 20.606991	 20.606991	 20.606991	 20.606991	 20.606991	 20.606991	 20.606991	 20.606991	 20.606991	 20.606991	 20.606991	 20.606991	 20.606991	 20.606991	 20.606991	 20.606991	 20.606991	 20.606991	 20.606991	 20.606991	 20.606991	
148     	 0.000000	 2.121855	 4.244857	 6.358432	 8.405113	 10.355587	 12.340036	 14.447527	 16.443159	 18.065257	 19.269011	 20.074347	 20.543274	 20.747225	 20.753265	 20.627363	 20.435490	 20.435490	 20.435490	 20.435490	 20.435490	 20.435490	 20.435490	 20.435490	 20.435490	 20.435490	 20.435490	 20.435490	 20.435490	 20.435490	 20.435490	 20.435490	 20.435490	 20.435490	 20.435490	 20.435490	 20.435490	 20.435490	 20.435490	 20.435490	
149     	 0.000000	 2.056424	 4.119775	 6.185049	 8.199526	 10.136234	 12.118922	 14.228453	 16.223430	 17.838777	 19.036965	 19.845396	 20.323654	 20.539039	 20.557518	 20.444727	 20.266301	 20.266301	 20.266301	 20.266301	 20.266301	 20.266301	 20.266301	 20.266301	 20.266301	 20.266301	 20.266301	 20.266301	 20.266301	 20.266301	 20.266301	 20.266301	 20.266301	 20.266301	 20.266301	 20.266301	 20.266301	 20.266301	 20.266301	 20.266301	
150     	 0.000000	 1.994003	 4.000000	 6.017991	 8.000000	 9.921533	 11.900000	 14.008376	 16.000000	 17.607462	 18.800000	 19.611776	 20.100000	 20.328007	 20.360579	 20.262862	 20.100000	 20.100000	 20.100000	 20.100000	 20.100000	 20.100000	 20.100000	 20.100000	 20.100000	 20.100000	 20.100000	 20.100000	 20.100000	 20.100000	 20.100000	 20.100000	 20.100000	 20.100000	 20.100000	 20.100000	 20.100000	 20.100000	 20.100000	 20.100000	
151     	 0.000000	 1.934904	 3.886094	 5.857951	 7.807240	 9.712095	 11.683731	 13.787607	 15.773074	 17.371483	 18.558299	 19.373694	 19.872549	 20.114409	 20.162783	 20.082164	 19.937050	 19.937050	 19.937050	 19.937050	 19.937050	 19.937050	 19.937050	 19.937050	 19.937050	 19.937050	 19.937050	 19.937050	 19.937050	 19.937050	 19.937050	 19.937050	 19.937050	 19.937050	 19.937050	 19.937050	 19.937050	 19.937050	 19.937050	 19.937050	
152     	 0.000000	 1.879100	 3.778009	 5.704875	 7.621201	 9.507897	 11.470133	 13.566224	 15.542784	 17.130997	 18.312025	 19.131311	 19.641448	 19.898370	 19.964216	 19.902679	 19.777451	 19.777451	 19.777451	 19.777451	 19.777451	 19.777451	 19.777451	 19.777451	 19.777451	 19.777451	 19.777451	 19.777451	 19.777451	 19.777451	 19.777451	 19.777451	 19.777451	 19.777451	 19.777451	 19.777451	 19.777451	 19.777451	 19.777451	 19.777451	
153     	 0.000000	 1.826477	 3.675544	 5.558523	 7.441652	 9.308758	 11.259115	 13.344249	 15.309247	 16.886162	 18.061336	 18.884774	 19.406824	 19.679973	 19.764908	 19.724366	 19.621087	 19.621087	 19.621087	 19.621087	 19.621087	 19.621087	 19.621087	 19.621087	 19.621087	 19.621087	 19.621087	 19.621087	 19.621087	 19.621087	 19.621087	 19.621087	 19.621087	 19.621087	 19.621087	 19.621087	 19.621087	 19.621087	 19.621087	 19.621087	
154     	 0.000000	 1.776920	 3.578499	 5.418656	 7.268360	 9.114498	 11.050584	 13.121701	 15.072578	 16.637131	 17.806390	 18.634233	 19.168803	 19.459303	 19.564883	 19.547183	 19.467843	 19.467843	 19.467843	 19.467843	 19.467843	 19.467843	 19.467843	 19.467843	 19.467843	 19.467843	 19.467843	 19.467843	 19.467843	 19.467843	 19.467843	 19.467843	 19.467843	 19.467843	 19.467843	 19.467843	 19.467843	 19.467843	 19.467843	 19.467843	
155     	 0.000000	 1.730318	 3.486672	 5.285034	 7.101095	 8.924936	 10.844448	 12.898604	 14.832894	 16.384060	 17.547344	 18.379834	 18.927511	 19.236443	 19.364168	 19.371087	 19.317603	 19.317603	 19.317603	 19.317603	 19.317603	 19.317603	 19.317603	 19.317603	 19.317603	 19.317603	 19.317603	 19.317603	 19.317603	 19.317603	 19.317603	 19.317603	 19.317603	 19.317603	 19.317603	 19.317603	 19.317603	 19.317603	 19.317603	 19.317603	
156     	 0.000000	 1.686555	 3.399864	 5.157415	 6.939624	 8.739891	 10.640614	 12.674977	 14.590311	 16.127106	 17.284356	 18.121728	 18.683073	 19.011479	 19.162790	 19.196037	 19.170252	 19.170252	 19.170252	 19.170252	 19.170252	 19.170252	 19.170252	 19.170252	 19.170252	 19.170252	 19.170252	 19.170252	 19.170252	 19.170252	 19.170252	 19.170252	 19.170252	 19.170252	 19.170252	 19.170252	 19.170252	 19.170252	 19.170252	 19.170252	
157     	 0.000000	 1.645518	 3.317873	 5.035560	 6.783716	 8.559184	 10.438992	 12.450843	 14.344943	 15.866422	 17.017584	 17.860061	 18.435615	 18.784494	 18.960775	 19.021991	 19.025673	 19.025673	 19.025673	 19.025673	 19.025673	 19.025673	 19.025673	 19.025673	 19.025673	 19.025673	 19.025673	 19.025673	 19.025673	 19.025673	 19.025673	 19.025673	 19.025673	 19.025673	 19.025673	 19.025673	 19.025673	 19.025673	 19.025673	 19.025673	
158     	 0.000000	 1.607095	 3.240498	 4.919228	 6.633138	 8.382632	 10.239489	 12.226222	 14.096909	 15.602164	 16.747185	 17.594983	 18.185263	 18.555572	 18.758150	 18.848907	 18.883753	 18.883753	 18.883753	 18.883753	 18.883753	 18.883753	 18.883753	 18.883753	 18.883753	 18.883753	 18.883753	 18.883753	 18.883753	 18.883753	 18.883753	 18.883753	 18.883753	 18.883753	 18.883753	 18.883753	 18.883753	 18.883753	 18.883753	 18.883753	
159     	 0.000000	 1.571170	 3.167540	 4.808181	 6.487659	 8.210055	 10.042012	 12.001135	 13.846322	 15.334489	 16.473316	 17.326641	 17.932142	 18.324798	 18.554942	 18.676744	 18.744374	 18.744374	 18.744374	 18.744374	 18.744374	 18.744374	 18.744374	 18.744374	 18.744374	 18.744374	 18.744374	 18.744374	 18.744374	 18.744374	 18.744374	 18.744374	 18.744374	 18.744374	 18.744374	 18.744374	 18.744374	 18.744374	 18.744374	 18.744374	
160     	 0.000000	 1.537632	 3.098796	 4.702176	 6.347048	 8.041273	 9.846469	 11.775603	 13.593301	 15.063550	 16.196137	 17.055185	 17.676380	 18.092256	 18.351176	 18.505459	 18.607422	 18.607422	 18.607422	 18.607422	 18.607422	 18.607422	 18.607422	 18.607422	 18.607422	 18.607422	 18.607422	 18.607422	 18.607422	 18.607422	 18.607422	 18.607422	 18.607422	 18.607422	 18.607422	 18.607422	 18.607422	 18.607422	 18.607422	 18.607422	
161     	 0.000000	 1.506365	 3.034067	 4.600975	 6.211071	 7.876105	 9.652769	 11.549648	 13.337959	 14.789504	 15.915804	 16.780761	 17.418100	 17.858030	 18.146880	 18.335011	 18.472781	 18.472781	 18.472781	 18.472781	 18.472781	 18.472781	 18.472781	 18.472781	 18.472781	 18.472781	 18.472781	 18.472781	 18.472781	 18.472781	 18.472781	 18.472781	 18.472781	 18.472781	 18.472781	 18.472781	 18.472781	 18.472781	 18.472781	 18.472781	
162     	 0.000000	 1.477256	 2.973152	 4.504337	 6.079499	 7.714371	 9.460819	 11.323291	 13.080414	 14.512506	 15.632475	 16.503520	 17.157430	 17.622204	 17.942080	 18.165357	 18.340335	 18.340335	 18.340335	 18.340335	 18.340335	 18.340335	 18.340335	 18.340335	 18.340335	 18.340335	 18.340335	 18.340335	 18.340335	 18.340335	 18.340335	 18.340335	 18.340335	 18.340335	 18.340335	 18.340335	 18.340335	 18.340335	 18.340335	 18.340335	
163     	 0.000000	 1.450193	 2.915850	 4.412021	 5.952098	 7.555888	 9.270528	 11.096553	 12.820781	 14.232712	 15.346307	 16.223608	 16.894495	 17.384863	 17.736803	 17.996457	 18.209969	 18.209969	 18.209969	 18.209969	 18.209969	 18.209969	 18.209969	 18.209969	 18.209969	 18.209969	 18.209969	 18.209969	 18.209969	 18.209969	 18.209969	 18.209969	 18.209969	 18.209969	 18.209969	 18.209969	 18.209969	 18.209969	 18.209969	 18.209969	
164     	 0.000000	 1.425060	 2.861960	 4.323789	 5.828638	 7.400478	 9.081802	 10.869456	 12.559177	 13.950276	 15.057459	 15.941175	 16.629422	 17.146090	 17.531074	 17.828268	 18.081568	 18.081568	 18.081568	 18.081568	 18.081568	 18.081568	 18.081568	 18.081568	 18.081568	 18.081568	 18.081568	 18.081568	 18.081568	 18.081568	 18.081568	 18.081568	 18.081568	 18.081568	 18.081568	 18.081568	 18.081568	 18.081568	 18.081568	 18.081568	
165     	 0.000000	 1.401745	 2.811281	 4.239399	 5.708886	 7.247959	 8.894550	 10.642019	 12.295717	 13.665353	 14.766089	 15.656368	 16.362334	 16.905970	 17.324921	 17.660749	 17.955015	 17.955015	 17.955015	 17.955015	 17.955015	 17.955015	 17.955015	 17.955015	 17.955015	 17.955015	 17.955015	 17.955015	 17.955015	 17.955015	 17.955015	 17.955015	 17.955015	 17.955015	 17.955015	 17.955015	 17.955015	 17.955015	 17.955015	 17.955015	
166     	 0.000000	 1.380134	 2.763614	 4.158611	 5.592610	 7.098150	 8.708680	 10.414265	 12.030517	 13.378101	 14.472353	 15.369336	 16.093360	 16.664587	 17.118370	 17.493857	 17.830195	 17.830195	 17.830195	 17.830195	 17.830195	 17.830195	 17.830195	 17.830195	 17.830195	 17.830195	 17.830195	 17.830195	 17.830195	 17.830195	 17.830195	 17.830195	 17.830195	 17.830195	 17.830195	 17.830195	 17.830195	 17.830195	 17.830195	 17.830195	
167     	 0.000000	 1.360114	 2.718756	 4.081186	 5.479579	 6.950871	 8.524100	 10.186215	 11.763694	 13.088673	 14.176409	 15.080228	 15.822624	 16.422025	 16.911448	 17.327551	 17.706993	 17.706993	 17.706993	 17.706993	 17.706993	 17.706993	 17.706993	 17.706993	 17.706993	 17.706993	 17.706993	 17.706993	 17.706993	 17.706993	 17.706993	 17.706993	 17.706993	 17.706993	 17.706993	 17.706993	 17.706993	 17.706993	 17.706993	 17.706993	
168     	 0.000000	 1.341570	 2.676508	 4.006882	 5.369562	 6.805941	 8.340717	 9.957890	 11.495362	 12.797225	 13.878415	 14.789192	 15.550252	 16.178369	 16.704181	 17.161788	 17.585293	 17.585293	 17.585293	 17.585293	 17.585293	 17.585293	 17.585293	 17.585293	 17.585293	 17.585293	 17.585293	 17.585293	 17.585293	 17.585293	 17.585293	 17.585293	 17.585293	 17.585293	 17.585293	 17.585293	 17.585293	 17.585293	 17.585293	 17.585293	
169     	 0.000000	 1.324389	 2.636669	 3.935461	 5.262325	 6.663179	 8.158439	 9.729310	 11.225639	 12.503913	 13.578530	 14.496375	 15.276370	 15.933703	 16.496595	 16.996528	 17.464980	 17.464980	 17.464980	 17.464980	 17.464980	 17.464980	 17.464980	 17.464980	 17.464980	 17.464980	 17.464980	 17.464980	 17.464980	 17.464980	 17.464980	 17.464980	 17.464980	 17.464980	 17.464980	 17.464980	 17.464980	 17.464980	 17.464980	 17.464980	
170     	 0.000000	 1.308459	 2.599037	 3.866681	 5.157638	 6.522405	 7.977175	 9.500498	 10.954640	 12.208892	 13.276910	 14.201927	 15.001104	 15.688110	 16.288718	 16.831727	 17.345938	 17.345938	 17.345938	 17.345938	 17.345938	 17.345938	 17.345938	 17.345938	 17.345938	 17.345938	 17.345938	 17.345938	 17.345938	 17.345938	 17.345938	 17.345938	 17.345938	 17.345938	 17.345938	 17.345938	 17.345938	 17.345938	 17.345938	 17.345938	
171     	 0.000000	 1.293664	 2.563413	 3.800303	 5.055269	 6.383438	 7.796832	 9.271474	 10.682482	 11.912317	 12.973713	 13.905995	 14.724579	 15.441675	 16.080575	 16.667346	 17.228051	 17.228051	 17.228051	 17.228051	 17.228051	 17.228051	 17.228051	 17.228051	 17.228051	 17.228051	 17.228051	 17.228051	 17.228051	 17.228051	 17.228051	 17.228051	 17.228051	 17.228051	 17.228051	 17.228051	 17.228051	 17.228051	 17.228051	 17.228051	
172     	 0.000000	 1.279891	 2.529595	 3.736086	 4.954985	 6.246097	 7.617319	 9.042260	 10.409279	 11.614343	 12.669096	 13.608728	 14.446923	 15.194482	 15.872194	 16.503340	 17.111204	 17.111204	 17.111204	 17.111204	 17.111204	 17.111204	 17.111204	 17.111204	 17.111204	 17.111204	 17.111204	 17.111204	 17.111204	 17.111204	 17.111204	 17.111204	 17.111204	 17.111204	 17.111204	 17.111204	 17.111204	 17.111204	 17.111204	 17.111204	
173     	 0.000000	 1.267027	 2.497383	 3.673791	 4.856556	 6.110201	 7.438542	 8.812876	 10.135149	 11.315127	 12.363219	 13.310275	 14.168259	 14.946616	 15.663600	 16.339670	 16.995281	 16.995281	 16.995281	 16.995281	 16.995281	 16.995281	 16.995281	 16.995281	 16.995281	 16.995281	 16.995281	 16.995281	 16.995281	 16.995281	 16.995281	 16.995281	 16.995281	 16.995281	 16.995281	 16.995281	 16.995281	 16.995281	 16.995281	 16.995281	
174     	 0.000000	 1.254959	 2.466576	 3.613177	 4.759749	 5.975571	 7.260410	 8.583344	 9.860207	 11.014823	 12.056237	 13.010784	 13.888715	 14.698161	 15.454821	 16.176292	 16.880168	 16.880168	 16.880168	 16.880168	 16.880168	 16.880168	 16.880168	 16.880168	 16.880168	 16.880168	 16.880168	 16.880168	 16.880168	 16.880168	 16.880168	 16.880168	 16.880168	 16.880168	 16.880168	 16.880168	 16.880168	 16.880168	 16.880168	 16.880168	
175     	 0.000000	 1.243572	 2.436973	 3.554004	 4.664333	 5.842025	 7.082830	 8.353686	 9.584569	 10.713586	 11.748310	 12.710402	 13.608416	 14.449200	 15.245883	 16.013165	 16.765747	 16.765747	 16.765747	 16.765747	 16.765747	 16.765747	 16.765747	 16.765747	 16.765747	 16.765747	 16.765747	 16.765747	 16.765747	 16.765747	 16.765747	 16.765747	 16.765747	 16.765747	 16.765747	 16.765747	 16.765747	 16.765747	 16.765747	 16.765747	
176     	 0.000000	 1.232753	 2.408374	 3.496031	 4.570076	 5.709382	 6.905712	 8.123921	 9.308351	 10.411573	 11.439594	 12.409279	 13.327488	 14.199818	 15.036812	 15.850248	 16.651905	 16.651905	 16.651905	 16.651905	 16.651905	 16.651905	 16.651905	 16.651905	 16.651905	 16.651905	 16.651905	 16.651905	 16.651905	 16.651905	 16.651905	 16.651905	 16.651905	 16.651905	 16.651905	 16.651905	 16.651905	 16.651905	 16.651905	 16.651905	
177     	 0.000000	 1.222388	 2.380578	 3.439019	 4.476746	 5.577462	 6.728961	 7.894072	 9.031669	 10.108938	 11.130247	 12.107562	 13.046056	 13.950100	 14.827634	 15.687497	 16.538524	 16.538524	 16.538524	 16.538524	 16.538524	 16.538524	 16.538524	 16.538524	 16.538524	 16.538524	 16.538524	 16.538524	 16.538524	 16.538524	 16.538524	 16.538524	 16.538524	 16.538524	 16.538524	 16.538524	 16.538524	 16.538524	 16.538524	 16.538524	
178     	 0.000000	 1.212364	 2.353384	 3.382728	 4.384111	 5.446084	 6.552487	 7.664159	 8.754639	 9.805838	 10.820428	 11.805400	 12.764247	 13.700128	 14.618378	 15.524873	 16.425490	 16.425490	 16.425490	 16.425490	 16.425490	 16.425490	 16.425490	 16.425490	 16.425490	 16.425490	 16.425490	 16.425490	 16.425490	 16.425490	 16.425490	 16.425490	 16.425490	 16.425490	 16.425490	 16.425490	 16.425490	 16.425490	 16.425490	 16.425490	
179     	 0.000000	 1.202568	 2.326592	 3.326917	 4.291940	 5.315068	 6.376198	 7.434204	 8.477378	 9.502426	 10.510293	 11.502942	 12.482187	 13.449989	 14.409068	 15.362331	 16.312687	 16.312687	 16.312687	 16.312687	 16.312687	 16.312687	 16.312687	 16.312687	 16.312687	 16.312687	 16.312687	 16.312687	 16.312687	 16.312687	 16.312687	 16.312687	 16.312687	 16.312687	 16.312687	 16.312687	 16.312687	 16.312687	 16.312687	 16.312687	
180     	 0.000000	 1.192885	 2.300000	 3.271346	 4.200000	 5.184232	 6.200000	 7.204227	 8.200000	 9.198859	 10.200000	 11.200335	 12.200000	 13.199765	 14.199732	 15.199832	 16.200000	 16.200000	 16.200000	 16.200000	 16.200000	 16.200000	 16.200000	 16.200000	 16.200000	 16.200000	 16.200000	 16.200000	 16.200000	 16.200000	 16.200000	 16.200000	 16.200000	 16.200000	 16.200000	 16.200000	 16.200000	 16.200000	 16.200000	 16.200000	
